id,position_of_motif_A,total_deletions_per_sequence,del_before_A,del_after_A
seq0003,98.0,13,9,4
seq0010,28.0,0,0,0
seq0014,130.0,14,13,1
seq0015,13.0,14,1,13
seq0019,125.0,13,12,1
seq0021,126.0,0,0,0
seq0025,131.0,14,13,1
seq0035,27.0,13,2,11
seq0036,123.0,14,12,2
seq0042,5.0,14,1,13
seq0043,9.0,14,1,13
seq0049,67.0,13,6,7
seq0064,28.0,13,2,11
seq0065,108.0,13,10,3
seq0066,128.0,13,12,1
seq0071,14.0,13,1,12
seq0073,126.0,0,0,0
seq0088,1.0,15,1,14
seq0097,27.0,13,2,11
seq0099,40.0,14,4,10
seq0104,51.0,14,5,9
seq0110,71.0,0,0,0
seq0111,107.0,0,0,0
seq0116,12.0,14,1,13
seq0117,3.0,15,1,14
seq0124,37.0,13,3,10
seq0125,11.0,14,1,13
seq0126,77.0,0,0,0
seq0127,0.0,14,0,14
seq0131,6.0,0,0,0
seq0133,10.0,14,1,13
seq0134,66.0,13,6,7
seq0140,69.0,13,6,7
seq0142,58.0,0,0,0
seq0144,112.0,14,11,3
seq0147,68.0,13,6,7
seq0157,51.0,14,5,9
seq0159,32.0,14,3,11
seq0166,134.0,14,13,1
seq0170,20.0,14,2,12
seq0173,88.0,13,8,5
seq0175,112.0,0,0,0
seq0176,1.0,15,1,14
seq0186,16.0,13,1,12
seq0190,106.0,13,10,3
seq0192,57.0,13,5,8
seq0202,58.0,13,5,8
seq0204,128.0,0,0,0
seq0206,122.0,14,12,2
seq0208,46.0,13,4,9
seq0211,18.0,13,1,12
seq0216,69.0,13,6,7
seq0217,41.0,14,4,10
seq0222,56.0,13,5,8
seq0224,100.0,14,10,4
seq0243,32.0,0,0,0
seq0248,113.0,14,11,3
seq0253,58.0,13,5,8
seq0254,126.0,13,12,1
seq0264,38.0,13,3,10
seq0265,111.0,14,11,3
seq0270,2.0,15,1,14
seq0274,130.0,14,13,1
seq0275,127.0,13,12,1
seq0276,33.0,14,3,11
seq0288,53.0,0,0,0
seq0289,106.0,13,10,3
seq0309,84.0,13,8,5
seq0317,43.0,0,0,0
seq0320,34.0,0,0,0
seq0322,8.0,14,1,13
seq0332,58.0,13,5,8
seq0335,123.0,0,0,0
seq0337,80.0,14,8,6
seq0340,126.0,0,0,0
seq0347,93.0,14,9,5
seq0351,1.0,0,0,0
seq0352,102.0,0,0,0
seq0363,68.0,13,6,7
seq0367,15.0,0,0,0
seq0380,66.0,13,6,7
seq0381,22.0,0,0,0
seq0382,57.0,0,0,0
seq0387,84.0,13,8,5
seq0398,76.0,13,7,6
seq0418,56.0,13,5,8
seq0422,1.0,15,1,14
seq0423,62.0,14,6,8
seq0424,25.0,13,2,11
seq0426,27.0,0,0,0
seq0431,105.0,13,10,3
seq0435,124.0,13,12,1
seq0452,142.0,15,14,1
seq0453,16.0,13,1,12
seq0454,106.0,13,10,3
seq0465,25.0,13,2,11
seq0467,61.0,14,6,8
seq0471,42.0,14,4,10
seq0477,1.0,15,1,14
seq0479,73.0,14,7,7
seq0489,53.0,14,5,9
seq0490,79.0,0,0,0
seq0491,34.0,13,3,10
seq0496,122.0,14,12,2
seq0506,133.0,14,13,1
seq0510,141.0,0,0,0
seq0511,44.0,0,0,0
seq0515,20.0,14,2,12
seq0518,14.0,13,1,12
seq0519,114.0,13,11,2
seq0520,73.0,14,7,7
seq0521,94.0,0,0,0
seq0526,9.0,14,1,13
seq0527,102.0,14,10,4
seq0528,81.0,14,8,6
seq0529,76.0,13,7,6
seq0530,6.0,0,0,0
seq0533,123.0,14,12,2
seq0535,27.0,13,2,11
seq0536,81.0,14,8,6
seq0538,69.0,13,6,7
seq0546,70.0,0,0,0
seq0549,120.0,14,12,2
seq0553,38.0,0,0,0
seq0554,59.0,13,5,8
seq0556,33.0,14,3,11
seq0560,128.0,13,12,1
seq0561,46.0,13,4,9
seq0569,17.0,0,0,0
seq0570,80.0,14,8,6
seq0579,92.0,0,0,0
seq0580,22.0,14,2,12
seq0581,103.0,14,10,4
seq0587,85.0,0,0,0
seq0589,10.0,14,1,13
seq0595,78.0,13,7,6
seq0596,99.0,13,9,4
seq0613,13.0,14,1,13
seq0615,139.0,14,13,1
seq0616,73.0,14,7,7
seq0617,10.0,14,1,13
seq0623,40.0,14,4,10
seq0627,79.0,13,7,6
seq0629,121.0,14,12,2
seq0631,73.0,14,7,7
seq0636,105.0,13,10,3
seq0639,36.0,13,3,10
seq0646,57.0,13,5,8
seq0647,66.0,13,6,7
seq0650,83.0,14,8,6
seq0653,105.0,13,10,3
seq0658,47.0,13,4,9
seq0661,120.0,14,12,2
seq0672,68.0,0,0,0
seq0679,86.0,13,8,5
seq0683,113.0,14,11,3
seq0685,64.0,13,6,7
seq0686,19.0,0,0,0
seq0692,37.0,13,3,10
seq0697,54.0,13,5,8
seq0699,37.0,0,0,0
seq0703,41.0,0,0,0
seq0707,74.0,13,7,6
seq0708,107.0,13,10,3
seq0713,32.0,14,3,11
seq0714,141.0,0,0,0
seq0718,39.0,13,3,10
seq0723,55.0,13,5,8
seq0728,18.0,0,0,0
seq0731,39.0,13,3,10
seq0734,121.0,14,12,2
seq0738,23.0,14,2,12
seq0745,74.0,13,7,6
seq0747,39.0,13,3,10
seq0750,46.0,13,4,9
seq0755,98.0,13,9,4
seq0769,4.0,14,1,13
seq0774,21.0,14,2,12
seq0777,128.0,0,0,0
seq0782,109.0,13,10,3
seq0784,5.0,14,1,13
seq0787,2.0,15,1,14
seq0791,83.0,0,0,0
seq0795,84.0,0,0,0
seq0801,70.0,0,0,0
seq0804,102.0,14,10,4
seq0809,111.0,14,11,3
seq0810,22.0,14,2,12
seq0811,29.0,13,2,11
seq0820,32.0,14,3,11
seq0824,68.0,13,6,7
seq0826,13.0,14,1,13
seq0829,74.0,0,0,0
seq0836,80.0,14,8,6
seq0846,46.0,13,4,9
seq0849,4.0,0,0,0
seq0852,81.0,0,0,0
seq0853,3.0,15,1,14
seq0855,72.0,14,7,7
seq0859,88.0,13,8,5
seq0862,32.0,14,3,11
seq0868,136.0,0,0,0
seq0869,133.0,14,13,1
seq0874,118.0,13,11,2
seq0877,45.0,13,4,9
seq0884,14.0,13,1,12
seq0888,139.0,14,13,1
seq0890,140.0,15,14,1
seq0893,103.0,14,10,4
seq0894,93.0,14,9,5
seq0899,138.0,14,13,1
seq0900,43.0,14,4,10
seq0904,61.0,0,0,0
seq0910,71.0,14,7,7
seq0919,52.0,14,5,9
seq0926,79.0,13,7,6
seq0927,113.0,14,11,3
seq0932,42.0,14,4,10
seq0939,37.0,0,0,0
seq0947,120.0,14,12,2
seq0950,69.0,13,6,7
seq0956,105.0,13,10,3
seq0958,57.0,13,5,8
seq0966,113.0,0,0,0
seq0973,128.0,0,0,0
seq0974,33.0,14,3,11
seq0977,7.0,0,0,0
seq0982,17.0,0,0,0
seq0984,109.0,13,10,3
seq0989,6.0,14,1,13
seq0997,80.0,0,0,0
seq1005,65.0,13,6,7
seq1006,94.0,13,9,4
seq1007,92.0,0,0,0
seq1019,127.0,13,12,1
seq1020,122.0,14,12,2
seq1024,67.0,13,6,7
seq1026,67.0,13,6,7
seq1032,114.0,13,11,2
seq1044,119.0,13,11,2
seq1046,43.0,14,4,10
seq1052,104.0,13,10,3
seq1053,71.0,14,7,7
seq1057,12.0,14,1,13
seq1059,80.0,0,0,0
seq1061,25.0,13,2,11
seq1063,27.0,0,0,0
seq1064,10.0,0,0,0
seq1065,122.0,14,12,2
seq1067,47.0,0,0,0
seq1068,103.0,0,0,0
seq1070,59.0,13,5,8
seq1072,31.0,0,0,0
seq1074,103.0,14,10,4
seq1080,102.0,14,10,4
seq1081,84.0,13,8,5
seq1090,26.0,13,2,11
seq1102,104.0,0,0,0
seq1103,88.0,13,8,5
seq1106,103.0,0,0,0
seq1113,75.0,13,7,6
seq1119,122.0,14,12,2
seq1122,110.0,14,11,3
seq1123,136.0,14,13,1
seq1124,9.0,0,0,0
seq1128,86.0,0,0,0
seq1135,55.0,13,5,8
seq1138,38.0,13,3,10
seq1156,18.0,0,0,0
seq1159,117.0,13,11,2
seq1161,13.0,14,1,13
seq1163,95.0,0,0,0
seq1166,65.0,13,6,7
seq1167,109.0,0,0,0
seq1168,31.0,14,3,11
seq1172,5.0,0,0,0
seq1173,89.0,13,8,5
seq1175,48.0,13,4,9
seq1176,11.0,0,0,0
seq1177,129.0,0,0,0
seq1181,12.0,14,1,13
seq1184,118.0,0,0,0
seq1185,53.0,0,0,0
seq1186,63.0,14,6,8
seq1188,95.0,13,9,4
seq1200,74.0,13,7,6
seq1203,123.0,14,12,2
seq1205,15.0,0,0,0
seq1211,92.0,0,0,0
seq1220,129.0,13,12,1
seq1225,133.0,14,13,1
seq1226,48.0,0,0,0
seq1227,66.0,13,6,7
seq1229,9.0,14,1,13
seq1235,132.0,14,13,1
seq1240,127.0,13,12,1
seq1243,91.0,14,9,5
seq1244,142.0,15,14,1
seq1253,57.0,13,5,8
seq1259,20.0,0,0,0
seq1260,111.0,0,0,0
seq1261,106.0,0,0,0
seq1268,56.0,13,5,8
seq1273,0.0,14,0,14
seq1282,142.0,0,0,0
seq1284,140.0,15,14,1
seq1296,53.0,14,5,9
seq1300,45.0,0,0,0
seq1304,53.0,0,0,0
seq1306,37.0,13,3,10
seq1311,27.0,13,2,11
seq1312,12.0,14,1,13
seq1320,119.0,13,11,2
seq1321,78.0,13,7,6
seq1325,83.0,14,8,6
seq1327,96.0,13,9,4
seq1328,89.0,13,8,5
seq1329,98.0,13,9,4
seq1335,24.0,13,2,11
seq1337,139.0,14,13,1
seq1338,55.0,13,5,8
seq1339,24.0,0,0,0
seq1340,126.0,0,0,0
seq1342,113.0,0,0,0
seq1345,27.0,0,0,0
seq1346,61.0,0,0,0
seq1351,95.0,13,9,4
seq1353,61.0,14,6,8
seq1362,29.0,13,2,11
seq1369,28.0,13,2,11
seq1377,25.0,13,2,11
seq1378,37.0,13,3,10
seq1392,31.0,14,3,11
seq1393,123.0,14,12,2
seq1396,139.0,14,13,1
seq1397,127.0,13,12,1
seq1403,139.0,14,13,1
seq1411,20.0,14,2,12
seq1413,65.0,13,6,7
seq1420,75.0,13,7,6
seq1421,71.0,14,7,7
seq1424,92.0,14,9,5
seq1431,65.0,13,6,7
seq1432,10.0,14,1,13
seq1435,95.0,13,9,4
seq1436,41.0,0,0,0
seq1446,2.0,15,1,14
seq1447,13.0,14,1,13
seq1452,9.0,14,1,13
seq1463,82.0,14,8,6
seq1469,1.0,15,1,14
seq1474,131.0,14,13,1
seq1475,86.0,13,8,5
seq1479,128.0,13,12,1
seq1483,82.0,14,8,6
seq1485,3.0,0,0,0
seq1486,64.0,13,6,7
seq1489,135.0,14,13,1
seq1494,133.0,14,13,1
seq1497,129.0,13,12,1
seq1501,43.0,0,0,0
seq1503,48.0,13,4,9
seq1510,71.0,14,7,7
seq1513,16.0,13,1,12
seq1519,79.0,13,7,6
seq1522,3.0,15,1,14
seq1528,122.0,14,12,2
seq1539,40.0,14,4,10
seq1546,78.0,0,0,0
seq1547,89.0,13,8,5
seq1551,140.0,15,14,1
seq1552,103.0,14,10,4
seq1555,138.0,14,13,1
seq1557,38.0,13,3,10
seq1558,48.0,13,4,9
seq1561,23.0,14,2,12
seq1574,113.0,14,11,3
seq1581,34.0,0,0,0
seq1583,117.0,13,11,2
seq1595,92.0,14,9,5
seq1599,22.0,14,2,12
seq1606,120.0,14,12,2
seq1608,118.0,13,11,2
seq1610,63.0,14,6,8
seq1615,57.0,13,5,8
seq1616,24.0,0,0,0
seq1620,87.0,13,8,5
seq1621,80.0,14,8,6
seq1622,42.0,0,0,0
seq1628,17.0,13,1,12
seq1631,80.0,14,8,6
seq1632,105.0,13,10,3
seq1633,33.0,14,3,11
seq1635,60.0,14,6,8
seq1637,1.0,15,1,14
seq1640,98.0,13,9,4
seq1642,37.0,13,3,10
seq1643,38.0,0,0,0
seq1645,52.0,14,5,9
seq1648,77.0,13,7,6
seq1653,126.0,13,12,1
seq1654,15.0,13,1,12
seq1667,133.0,0,0,0
seq1670,95.0,13,9,4
seq1675,53.0,14,5,9
seq1678,62.0,0,0,0
seq1681,135.0,14,13,1
seq1683,10.0,14,1,13
seq1684,117.0,13,11,2
seq1690,94.0,13,9,4
seq1693,72.0,14,7,7
seq1694,120.0,14,12,2
seq1696,9.0,14,1,13
seq1713,11.0,0,0,0
seq1715,113.0,14,11,3
seq1716,36.0,13,3,10
seq1720,30.0,14,3,11
seq1721,97.0,13,9,4
seq1724,29.0,13,2,11
seq1725,22.0,0,0,0
seq1728,108.0,13,10,3
seq1736,99.0,0,0,0
seq1737,53.0,14,5,9
seq1743,26.0,13,2,11
seq1747,97.0,13,9,4
seq1748,7.0,0,0,0
seq1750,119.0,13,11,2
seq1761,19.0,13,1,12
seq1765,73.0,14,7,7
seq1767,135.0,0,0,0
seq1770,37.0,13,3,10
seq1778,5.0,14,1,13
seq1779,4.0,14,1,13
seq1782,118.0,13,11,2
seq1789,5.0,14,1,13
seq1791,1.0,15,1,14
seq1792,50.0,14,5,9
seq1795,131.0,14,13,1
seq1802,61.0,14,6,8
seq1803,23.0,14,2,12
seq1810,108.0,0,0,0
seq1816,120.0,14,12,2
seq1820,7.0,14,1,13
seq1823,82.0,0,0,0
seq1832,33.0,14,3,11
seq1837,0.0,14,0,14
seq1844,43.0,0,0,0
seq1858,70.0,14,7,7
seq1866,125.0,0,0,0
seq1868,2.0,15,1,14
seq1870,24.0,13,2,11
seq1872,4.0,14,1,13
seq1875,38.0,0,0,0
seq1882,135.0,14,13,1
seq1884,114.0,13,11,2
seq1886,9.0,14,1,13
seq1887,7.0,14,1,13
seq1891,32.0,14,3,11
seq1895,0.0,14,0,14
seq1906,11.0,14,1,13
seq1907,132.0,14,13,1
seq1909,61.0,14,6,8
seq1912,63.0,0,0,0
seq1915,46.0,13,4,9
seq1917,115.0,0,0,0
seq1923,123.0,0,0,0
seq1924,131.0,14,13,1
seq1925,53.0,14,5,9
seq1942,140.0,15,14,1
seq1955,84.0,13,8,5
seq1960,21.0,0,0,0
seq1967,67.0,13,6,7
seq1969,82.0,0,0,0
seq1971,89.0,13,8,5
seq1972,122.0,14,12,2
seq1975,33.0,0,0,0
seq1976,115.0,13,11,2
seq1984,45.0,13,4,9
seq1985,125.0,13,12,1
seq1995,39.0,13,3,10
seq1998,103.0,14,10,4
seq2001,138.0,0,0,0
seq2004,85.0,13,8,5
seq2007,100.0,0,0,0
seq2010,94.0,13,9,4
seq2011,139.0,14,13,1
seq2014,0.0,14,0,14
seq2015,109.0,13,10,3
seq2017,7.0,0,0,0
seq2028,96.0,13,9,4
seq2042,87.0,0,0,0
seq2053,139.0,14,13,1
seq2054,28.0,0,0,0
seq2066,45.0,13,4,9
seq2070,80.0,14,8,6
seq2076,48.0,13,4,9
seq2077,37.0,13,3,10
seq2079,125.0,13,12,1
seq2081,57.0,13,5,8
seq2082,70.0,14,7,7
seq2084,55.0,0,0,0
seq2086,58.0,13,5,8
seq2087,126.0,13,12,1
seq2091,68.0,0,0,0
seq2096,77.0,0,0,0
seq2100,75.0,13,7,6
seq2108,20.0,14,2,12
seq2110,136.0,14,13,1
seq2113,75.0,0,0,0
seq2114,83.0,14,8,6
seq2115,66.0,13,6,7
seq2119,10.0,0,0,0
seq2120,71.0,14,7,7
seq2121,55.0,13,5,8
seq2130,9.0,14,1,13
seq2138,125.0,13,12,1
seq2140,45.0,13,4,9
seq2145,58.0,0,0,0
seq2146,98.0,13,9,4
seq2155,112.0,0,0,0
seq2157,11.0,0,0,0
seq2162,1.0,15,1,14
seq2167,111.0,14,11,3
seq2169,26.0,13,2,11
seq2173,97.0,13,9,4
seq2174,38.0,13,3,10
seq2177,106.0,0,0,0
seq2179,86.0,13,8,5
seq2185,108.0,13,10,3
seq2189,6.0,14,1,13
seq2198,108.0,13,10,3
seq2200,69.0,13,6,7
seq2201,120.0,14,12,2
seq2204,54.0,13,5,8
seq2205,100.0,14,10,4
seq2214,87.0,13,8,5
seq2219,7.0,14,1,13
seq2226,141.0,15,14,1
seq2228,76.0,13,7,6
seq2234,104.0,13,10,3
seq2237,36.0,0,0,0
seq2238,130.0,0,0,0
seq2246,20.0,14,2,12
seq2257,131.0,0,0,0
seq2260,14.0,13,1,12
seq2264,68.0,13,6,7
seq2269,15.0,13,1,12
seq2271,126.0,0,0,0
seq2272,22.0,14,2,12
seq2275,41.0,14,4,10
seq2276,140.0,15,14,1
seq2279,20.0,0,0,0
seq2280,11.0,14,1,13
seq2283,32.0,0,0,0
seq2286,69.0,13,6,7
seq2290,21.0,14,2,12
seq2291,19.0,13,1,12
seq2292,110.0,14,11,3
seq2297,103.0,14,10,4
seq2306,41.0,14,4,10
seq2309,115.0,13,11,2
seq2311,57.0,13,5,8
seq2312,69.0,0,0,0
seq2313,60.0,0,0,0
seq2320,139.0,14,13,1
seq2321,68.0,13,6,7
seq2324,5.0,14,1,13
seq2325,95.0,13,9,4
seq2334,109.0,13,10,3
seq2338,120.0,14,12,2
seq2339,125.0,13,12,1
seq2342,128.0,13,12,1
seq2346,25.0,13,2,11
seq2347,135.0,14,13,1
seq2350,78.0,13,7,6
seq2352,121.0,14,12,2
seq2353,25.0,13,2,11
seq2354,132.0,14,13,1
seq2360,4.0,14,1,13
seq2362,32.0,0,0,0
seq2368,114.0,0,0,0
seq2369,47.0,13,4,9
seq2370,105.0,0,0,0
seq2372,97.0,13,9,4
seq2375,36.0,13,3,10
seq2379,76.0,13,7,6
seq2393,44.0,13,4,9
seq2396,86.0,13,8,5
seq2397,46.0,13,4,9
seq2403,139.0,14,13,1
seq2408,52.0,0,0,0
seq2418,121.0,14,12,2
seq2422,96.0,13,9,4
seq2425,64.0,0,0,0
seq2428,67.0,13,6,7
seq2432,81.0,14,8,6
seq2441,135.0,14,13,1
seq2449,47.0,13,4,9
seq2456,84.0,13,8,5
seq2458,110.0,14,11,3
seq2459,64.0,13,6,7
seq2469,19.0,13,1,12
seq2470,56.0,13,5,8
seq2479,29.0,13,2,11
seq2480,135.0,14,13,1
seq2482,103.0,14,10,4
seq2486,86.0,13,8,5
seq2494,115.0,13,11,2
seq2495,13.0,14,1,13
seq2496,30.0,14,3,11
seq2504,13.0,0,0,0
seq2507,129.0,13,12,1
seq2509,0.0,14,0,14
seq2512,131.0,0,0,0
seq2520,126.0,13,12,1
seq2524,109.0,0,0,0
seq2525,111.0,14,11,3
seq2528,32.0,14,3,11
seq2532,12.0,14,1,13
seq2534,25.0,13,2,11
seq2535,130.0,14,13,1
seq2536,115.0,13,11,2
seq2537,58.0,13,5,8
seq2541,77.0,13,7,6
seq2546,141.0,15,14,1
seq2549,66.0,13,6,7
seq2550,121.0,14,12,2
seq2552,105.0,13,10,3
seq2563,98.0,13,9,4
seq2566,6.0,14,1,13
seq2569,123.0,0,0,0
seq2571,15.0,13,1,12
seq2573,59.0,13,5,8
seq2575,72.0,14,7,7
seq2593,142.0,15,14,1
seq2596,84.0,0,0,0
seq2599,19.0,13,1,12
seq2602,56.0,0,0,0
seq2603,135.0,14,13,1
seq2605,59.0,13,5,8
seq2607,82.0,14,8,6
seq2609,116.0,13,11,2
seq2610,104.0,13,10,3
seq2611,44.0,0,0,0
seq2615,67.0,13,6,7
seq2616,30.0,0,0,0
seq2622,139.0,14,13,1
seq2623,39.0,13,3,10
seq2630,91.0,14,9,5
seq2644,42.0,14,4,10
seq2646,44.0,13,4,9
seq2650,104.0,13,10,3
seq2653,38.0,13,3,10
seq2654,98.0,13,9,4
seq2655,32.0,14,3,11
seq2660,122.0,14,12,2
seq2665,41.0,14,4,10
seq2667,141.0,15,14,1
seq2673,5.0,14,1,13
seq2677,67.0,0,0,0
seq2687,82.0,14,8,6
seq2691,11.0,0,0,0
seq2692,105.0,0,0,0
seq2696,131.0,14,13,1
seq2699,18.0,13,1,12
seq2702,125.0,13,12,1
seq2712,105.0,13,10,3
seq2715,125.0,0,0,0
seq2720,90.0,14,9,5
seq2721,80.0,14,8,6
seq2723,105.0,13,10,3
seq2727,83.0,14,8,6
seq2735,93.0,14,9,5
seq2737,90.0,14,9,5
seq2738,78.0,13,7,6
seq2739,113.0,14,11,3
seq2743,96.0,0,0,0
seq2746,84.0,13,8,5
seq2749,43.0,14,4,10
seq2753,45.0,0,0,0
seq2754,33.0,14,3,11
seq2757,81.0,0,0,0
seq2758,70.0,14,7,7
seq2759,73.0,14,7,7
seq2762,82.0,14,8,6
seq2766,125.0,13,12,1
seq2768,42.0,0,0,0
seq2770,8.0,0,0,0
seq2771,0.0,14,0,14
seq2772,18.0,13,1,12
seq2773,17.0,13,1,12
seq2781,140.0,15,14,1
seq2782,62.0,14,6,8
seq2790,78.0,13,7,6
seq2794,15.0,13,1,12
seq2797,91.0,14,9,5
seq2798,89.0,0,0,0
seq2799,119.0,13,11,2
seq2804,39.0,13,3,10
seq2807,84.0,13,8,5
seq2808,42.0,0,0,0
seq2817,92.0,14,9,5
seq2818,77.0,13,7,6
seq2834,20.0,14,2,12
seq2836,41.0,14,4,10
seq2841,23.0,14,2,12
seq2846,103.0,0,0,0
seq2850,120.0,0,0,0
seq2851,83.0,0,0,0
seq2853,103.0,14,10,4
seq2857,36.0,13,3,10
seq2860,90.0,14,9,5
seq2861,128.0,13,12,1
seq2869,136.0,14,13,1
seq2871,30.0,14,3,11
seq2877,143.0,0,0,0
seq2878,69.0,13,6,7
seq2886,54.0,0,0,0
seq2888,40.0,14,4,10
seq2889,94.0,13,9,4
seq2893,136.0,14,13,1
seq2895,103.0,14,10,4
seq2897,114.0,0,0,0
seq2903,3.0,0,0,0
seq2909,107.0,0,0,0
seq2913,124.0,0,0,0
seq2914,124.0,0,0,0
seq2916,107.0,0,0,0
seq2918,98.0,13,9,4
seq2925,35.0,13,3,10
seq2927,5.0,14,1,13
seq2928,120.0,14,12,2
seq2929,116.0,13,11,2
seq2930,9.0,14,1,13
seq2934,37.0,13,3,10
seq2935,18.0,13,1,12
seq2937,74.0,13,7,6
seq2942,29.0,0,0,0
seq2943,36.0,13,3,10
seq2947,71.0,14,7,7
seq2948,32.0,14,3,11
seq2950,61.0,14,6,8
seq2955,33.0,14,3,11
seq2958,47.0,13,4,9
seq2961,6.0,14,1,13
seq2962,41.0,0,0,0
seq2963,70.0,14,7,7
seq2966,76.0,13,7,6
seq2969,34.0,0,0,0
seq2972,9.0,14,1,13
seq2973,9.0,14,1,13
seq2974,48.0,0,0,0
seq2975,129.0,13,12,1
seq2981,23.0,14,2,12
seq2982,106.0,13,10,3
seq2988,83.0,14,8,6
seq2989,47.0,13,4,9
seq3002,78.0,0,0,0
seq3004,73.0,14,7,7
seq3005,18.0,13,1,12
seq3012,13.0,14,1,13
seq3025,106.0,0,0,0
seq3027,42.0,0,0,0
seq3030,43.0,14,4,10
seq3032,59.0,13,5,8
seq3033,92.0,14,9,5
seq3036,15.0,0,0,0
seq3039,136.0,14,13,1
seq3042,138.0,14,13,1
seq3049,40.0,0,0,0
seq3055,59.0,13,5,8
seq3060,64.0,0,0,0
seq3061,99.0,0,0,0
seq3067,56.0,13,5,8
seq3068,86.0,13,8,5
seq3079,130.0,14,13,1
seq3087,102.0,14,10,4
seq3088,52.0,0,0,0
seq3090,139.0,14,13,1
seq3101,103.0,14,10,4
seq3104,124.0,13,12,1
seq3105,108.0,13,10,3
seq3107,45.0,13,4,9
seq3108,110.0,14,11,3
seq3109,36.0,13,3,10
seq3112,38.0,13,3,10
seq3120,89.0,0,0,0
seq3121,75.0,13,7,6
seq3124,61.0,14,6,8
seq3130,31.0,14,3,11
seq3132,94.0,0,0,0
seq3133,45.0,0,0,0
seq3134,78.0,13,7,6
seq3135,59.0,0,0,0
seq3147,66.0,13,6,7
seq3150,28.0,13,2,11
seq3154,84.0,13,8,5
seq3159,20.0,14,2,12
seq3161,25.0,0,0,0
seq3162,15.0,13,1,12
seq3164,96.0,13,9,4
seq3165,95.0,13,9,4
seq3166,89.0,13,8,5
seq3171,99.0,13,9,4
seq3174,55.0,0,0,0
seq3180,50.0,14,5,9
seq3181,107.0,13,10,3
seq3186,112.0,0,0,0
seq3190,113.0,0,0,0
seq3191,76.0,13,7,6
seq3192,57.0,13,5,8
seq3194,106.0,13,10,3
seq3195,75.0,13,7,6
seq3202,26.0,0,0,0
seq3209,115.0,13,11,2
seq3211,59.0,13,5,8
seq3212,25.0,13,2,11
seq3214,16.0,13,1,12
seq3218,87.0,13,8,5
seq3222,114.0,13,11,2
seq3223,9.0,14,1,13
seq3224,86.0,13,8,5
seq3230,1.0,15,1,14
seq3231,74.0,13,7,6
seq3232,126.0,0,0,0
seq3233,79.0,13,7,6
seq3236,21.0,14,2,12
seq3238,65.0,13,6,7
seq3239,23.0,14,2,12
seq3240,31.0,0,0,0
seq3243,36.0,13,3,10
seq3257,28.0,13,2,11
seq3260,76.0,0,0,0
seq3262,49.0,0,0,0
seq3264,52.0,14,5,9
seq3267,42.0,14,4,10
seq3272,75.0,13,7,6
seq3273,8.0,14,1,13
seq3276,99.0,13,9,4
seq3278,129.0,13,12,1
seq3283,96.0,0,0,0
seq3297,4.0,14,1,13
seq3298,72.0,14,7,7
seq3299,111.0,0,0,0
seq3306,81.0,14,8,6
seq3309,40.0,14,4,10
seq3310,4.0,14,1,13
seq3312,137.0,14,13,1
seq3328,102.0,14,10,4
seq3329,123.0,14,12,2
seq3333,121.0,0,0,0
seq3334,18.0,13,1,12
seq3338,55.0,0,0,0
seq3339,74.0,13,7,6
seq3345,57.0,0,0,0
seq3349,91.0,14,9,5
seq3350,125.0,13,12,1
seq3353,25.0,0,0,0
seq3356,57.0,0,0,0
seq3357,60.0,0,0,0
seq3363,46.0,13,4,9
seq3368,26.0,13,2,11
seq3370,0.0,0,0,0
seq3372,40.0,14,4,10
seq3373,117.0,13,11,2
seq3378,13.0,14,1,13
seq3379,53.0,14,5,9
seq3380,0.0,14,0,14
seq3382,104.0,0,0,0
seq3383,111.0,0,0,0
seq3385,105.0,13,10,3
seq3387,130.0,14,13,1
seq3388,117.0,13,11,2
seq3389,76.0,0,0,0
seq3400,90.0,0,0,0
seq3405,44.0,13,4,9
seq3412,126.0,13,12,1
seq3425,95.0,13,9,4
seq3433,5.0,0,0,0
seq3440,44.0,0,0,0
seq3457,83.0,14,8,6
seq3458,10.0,14,1,13
seq3463,77.0,0,0,0
seq3471,138.0,14,13,1
seq3472,111.0,14,11,3
seq3475,139.0,14,13,1
seq3485,85.0,0,0,0
seq3487,11.0,14,1,13
seq3491,105.0,13,10,3
seq3495,62.0,0,0,0
seq3496,22.0,14,2,12
seq3503,107.0,13,10,3
seq3509,51.0,14,5,9
seq3512,136.0,14,13,1
seq3518,80.0,0,0,0
seq3524,123.0,14,12,2
seq3529,138.0,14,13,1
seq3532,138.0,14,13,1
seq3537,126.0,13,12,1
seq3538,55.0,13,5,8
seq3540,126.0,0,0,0
seq3542,113.0,14,11,3
seq3543,127.0,13,12,1
seq3544,57.0,13,5,8
seq3547,36.0,13,3,10
seq3552,126.0,13,12,1
seq3558,92.0,14,9,5
seq3567,105.0,0,0,0
seq3574,32.0,14,3,11
seq3576,5.0,14,1,13
seq3577,102.0,14,10,4
seq3578,96.0,0,0,0
seq3586,17.0,0,0,0
seq3597,4.0,14,1,13
seq3603,78.0,13,7,6
seq3605,134.0,0,0,0
seq3613,66.0,13,6,7
seq3615,35.0,13,3,10
seq3621,103.0,0,0,0
seq3622,118.0,13,11,2
seq3625,43.0,14,4,10
seq3627,37.0,13,3,10
seq3628,62.0,14,6,8
seq3630,125.0,13,12,1
seq3633,77.0,13,7,6
seq3641,44.0,13,4,9
seq3643,108.0,13,10,3
seq3649,7.0,14,1,13
seq3655,27.0,0,0,0
seq3656,67.0,13,6,7
seq3661,101.0,14,10,4
seq3667,139.0,0,0,0
seq3675,15.0,13,1,12
seq3680,93.0,14,9,5
seq3682,138.0,0,0,0
seq3683,103.0,14,10,4
seq3697,93.0,14,9,5
seq3698,93.0,0,0,0
seq3701,93.0,14,9,5
seq3704,48.0,13,4,9
seq3706,99.0,0,0,0
seq3708,22.0,0,0,0
seq3709,121.0,14,12,2
seq3712,41.0,14,4,10
seq3714,86.0,13,8,5
seq3717,14.0,13,1,12
seq3720,1.0,15,1,14
seq3721,86.0,13,8,5
seq3724,89.0,13,8,5
seq3727,88.0,0,0,0
seq3732,137.0,14,13,1
seq3736,23.0,14,2,12
seq3740,97.0,0,0,0
seq3742,13.0,0,0,0
seq3744,35.0,13,3,10
seq3752,22.0,14,2,12
seq3756,137.0,14,13,1
seq3759,51.0,14,5,9
seq3764,72.0,0,0,0
seq3767,88.0,13,8,5
seq3774,33.0,0,0,0
seq3779,121.0,14,12,2
seq3781,113.0,14,11,3
seq3793,37.0,13,3,10
seq3796,141.0,15,14,1
seq3797,41.0,14,4,10
seq3806,134.0,14,13,1
seq3807,65.0,13,6,7
seq3809,31.0,14,3,11
seq3813,20.0,14,2,12
seq3816,3.0,15,1,14
seq3821,26.0,13,2,11
seq3826,118.0,0,0,0
seq3828,98.0,13,9,4
seq3829,124.0,0,0,0
seq3830,38.0,13,3,10
seq3831,16.0,0,0,0
seq3838,137.0,14,13,1
seq3841,40.0,14,4,10
seq3843,44.0,0,0,0
seq3847,96.0,13,9,4
seq3850,7.0,14,1,13
seq3858,3.0,0,0,0
seq3864,72.0,14,7,7
seq3866,130.0,14,13,1
seq3875,54.0,0,0,0
seq3878,93.0,14,9,5
seq3879,99.0,13,9,4
seq3883,10.0,14,1,13
seq3888,114.0,13,11,2
seq3891,69.0,13,6,7
seq3898,99.0,13,9,4
seq3900,5.0,14,1,13
seq3904,57.0,13,5,8
seq3909,143.0,0,0,0
seq3924,143.0,14,14,0
seq3926,1.0,15,1,14
seq3928,31.0,14,3,11
seq3929,43.0,0,0,0
seq3934,39.0,13,3,10
seq3940,143.0,14,14,0
seq3950,22.0,14,2,12
seq3955,124.0,13,12,1
seq3958,0.0,0,0,0
seq3960,112.0,14,11,3
seq3965,61.0,14,6,8
seq3967,111.0,14,11,3
seq3968,118.0,13,11,2
seq3969,118.0,0,0,0
seq3975,31.0,14,3,11
seq3980,49.0,13,4,9
seq3981,114.0,13,11,2
seq3982,75.0,13,7,6
seq3983,106.0,13,10,3
seq3985,88.0,13,8,5
seq3986,42.0,14,4,10
seq3988,83.0,14,8,6
seq3993,116.0,13,11,2
seq3998,58.0,13,5,8
seq4002,104.0,13,10,3
seq4006,120.0,14,12,2
seq4016,45.0,13,4,9
seq4024,20.0,0,0,0
seq4026,59.0,13,5,8
seq4027,130.0,14,13,1
seq4030,64.0,13,6,7
seq4031,31.0,0,0,0
seq4033,48.0,0,0,0
seq4040,127.0,0,0,0
seq4043,136.0,14,13,1
seq4045,97.0,0,0,0
seq4046,87.0,13,8,5
seq4047,67.0,13,6,7
seq4053,133.0,14,13,1
seq4055,61.0,0,0,0
seq4057,76.0,13,7,6
seq4065,39.0,0,0,0
seq4070,114.0,0,0,0
seq4075,8.0,0,0,0
seq4078,24.0,13,2,11
seq4081,118.0,0,0,0
seq4086,12.0,14,1,13
seq4088,42.0,14,4,10
seq4091,31.0,14,3,11
seq4094,14.0,13,1,12
seq4096,89.0,13,8,5
seq4098,110.0,14,11,3
seq4099,62.0,14,6,8
seq4101,62.0,0,0,0
seq4102,54.0,13,5,8
seq4103,1.0,0,0,0
seq4108,110.0,14,11,3
seq4109,5.0,14,1,13
seq4111,90.0,0,0,0
seq4114,17.0,13,1,12
seq4116,19.0,13,1,12
seq4117,0.0,14,0,14
seq4124,63.0,14,6,8
seq4125,98.0,13,9,4
seq4130,88.0,13,8,5
seq4137,35.0,0,0,0
seq4140,114.0,0,0,0
seq4141,13.0,14,1,13
seq4149,41.0,14,4,10
seq4156,22.0,14,2,12
seq4157,34.0,13,3,10
seq4158,50.0,14,5,9
seq4160,83.0,14,8,6
seq4166,21.0,14,2,12
seq4170,82.0,14,8,6
seq4172,62.0,14,6,8
seq4175,26.0,13,2,11
seq4178,94.0,13,9,4
seq4182,18.0,13,1,12
seq4183,127.0,13,12,1
seq4192,72.0,14,7,7
seq4195,66.0,13,6,7
seq4207,112.0,14,11,3
seq4208,41.0,14,4,10
seq4212,47.0,0,0,0
seq4220,13.0,14,1,13
seq4224,57.0,0,0,0
seq4228,130.0,14,13,1
seq4232,49.0,13,4,9
seq4240,81.0,0,0,0
seq4245,137.0,14,13,1
seq4255,129.0,13,12,1
seq4274,79.0,13,7,6
seq4278,133.0,14,13,1
seq4280,96.0,13,9,4
seq4282,95.0,13,9,4
seq4283,84.0,13,8,5
seq4284,53.0,14,5,9
seq4289,22.0,14,2,12
seq4292,131.0,14,13,1
seq4294,25.0,13,2,11
seq4308,51.0,0,0,0
seq4313,70.0,14,7,7
seq4316,21.0,14,2,12
seq4317,75.0,13,7,6
seq4318,88.0,13,8,5
seq4323,4.0,14,1,13
seq4327,12.0,0,0,0
seq4336,82.0,14,8,6
seq4342,61.0,14,6,8
seq4345,14.0,13,1,12
seq4353,124.0,13,12,1
seq4359,102.0,14,10,4
seq4364,131.0,14,13,1
seq4366,66.0,13,6,7
seq4374,61.0,14,6,8
seq4376,94.0,0,0,0
seq4382,52.0,14,5,9
seq4392,53.0,14,5,9
seq4393,78.0,13,7,6
seq4401,117.0,0,0,0
seq4403,9.0,14,1,13
seq4406,128.0,13,12,1
seq4409,64.0,13,6,7
seq4421,126.0,13,12,1
seq4427,121.0,14,12,2
seq4429,64.0,13,6,7
seq4430,6.0,14,1,13
seq4437,41.0,14,4,10
seq4439,129.0,13,12,1
seq4453,97.0,13,9,4
seq4456,29.0,13,2,11
seq4461,0.0,14,0,14
seq4463,130.0,14,13,1
seq4465,26.0,13,2,11
seq4470,37.0,13,3,10
seq4472,133.0,14,13,1
seq4473,85.0,0,0,0
seq4474,2.0,15,1,14
seq4475,4.0,0,0,0
seq4479,104.0,13,10,3
seq4481,124.0,13,12,1
seq4483,4.0,14,1,13
seq4484,35.0,13,3,10
seq4485,89.0,13,8,5
seq4487,18.0,13,1,12
seq4488,108.0,13,10,3
seq4489,4.0,14,1,13
seq4495,125.0,0,0,0
seq4500,64.0,13,6,7
seq4503,8.0,0,0,0
seq4505,47.0,13,4,9
seq4511,66.0,13,6,7
seq4513,47.0,0,0,0
seq4517,97.0,13,9,4
seq4523,62.0,14,6,8
seq4526,32.0,14,3,11
seq4530,27.0,13,2,11
seq4537,132.0,14,13,1
seq4538,83.0,14,8,6
seq4540,71.0,14,7,7
seq4541,22.0,14,2,12
seq4546,6.0,0,0,0
seq4550,118.0,13,11,2
seq4555,50.0,0,0,0
seq4561,134.0,14,13,1
seq4562,124.0,0,0,0
seq4569,107.0,13,10,3
seq4571,12.0,14,1,13
seq4573,99.0,13,9,4
seq4574,31.0,14,3,11
seq4582,141.0,15,14,1
seq4583,113.0,14,11,3
seq4585,50.0,14,5,9
seq4586,82.0,14,8,6
seq4588,98.0,13,9,4
seq4593,89.0,13,8,5
seq4595,4.0,14,1,13
seq4602,40.0,14,4,10
seq4609,117.0,13,11,2
seq4610,9.0,14,1,13
seq4611,80.0,14,8,6
seq4613,68.0,13,6,7
seq4614,64.0,13,6,7
seq4615,32.0,14,3,11
seq4616,68.0,0,0,0
seq4627,68.0,13,6,7
seq4628,68.0,0,0,0
seq4630,117.0,13,11,2
seq4635,36.0,0,0,0
seq4636,97.0,13,9,4
seq4643,5.0,14,1,13
seq4645,40.0,0,0,0
seq4655,81.0,14,8,6
seq4657,27.0,13,2,11
seq4658,113.0,14,11,3
seq4666,72.0,14,7,7
seq4669,139.0,14,13,1
seq4673,99.0,13,9,4
seq4676,19.0,0,0,0
seq4679,74.0,13,7,6
seq4682,22.0,14,2,12
seq4687,66.0,0,0,0
seq4696,122.0,14,12,2
seq4699,122.0,0,0,0
seq4701,36.0,0,0,0
seq4703,97.0,13,9,4
seq4704,119.0,13,11,2
seq4707,63.0,14,6,8
seq4710,79.0,13,7,6
seq4711,79.0,13,7,6
seq4722,45.0,0,0,0
seq4736,50.0,14,5,9
seq4738,68.0,13,6,7
seq4746,95.0,13,9,4
seq4748,79.0,13,7,6
seq4751,51.0,14,5,9
seq4757,67.0,13,6,7
seq4759,100.0,14,10,4
seq4763,88.0,0,0,0
seq4765,102.0,14,10,4
seq4769,35.0,13,3,10
seq4777,10.0,14,1,13
seq4782,135.0,0,0,0
seq4792,96.0,13,9,4
seq4793,85.0,13,8,5
seq4795,30.0,14,3,11
seq4796,68.0,0,0,0
seq4801,137.0,0,0,0
seq4806,101.0,14,10,4
seq4807,78.0,13,7,6
seq4809,18.0,13,1,12
seq4812,5.0,14,1,13
seq4813,130.0,14,13,1
seq4815,0.0,14,0,14
seq4816,136.0,14,13,1
seq4821,64.0,13,6,7
seq4824,62.0,0,0,0
seq4826,126.0,0,0,0
seq4831,21.0,14,2,12
seq4832,55.0,0,0,0
seq4833,120.0,14,12,2
seq4848,3.0,0,0,0
seq4853,54.0,13,5,8
seq4865,10.0,14,1,13
seq4869,117.0,13,11,2
seq4870,56.0,13,5,8
seq4872,20.0,0,0,0
seq4875,12.0,14,1,13
seq4884,51.0,14,5,9
seq4888,26.0,13,2,11
seq4891,120.0,14,12,2
seq4892,44.0,0,0,0
seq4894,73.0,14,7,7
seq4901,120.0,14,12,2
seq4904,83.0,14,8,6
seq4905,99.0,0,0,0
seq4906,139.0,0,0,0
seq4912,103.0,14,10,4
seq4916,128.0,13,12,1
seq4918,70.0,14,7,7
seq4920,43.0,0,0,0
seq4924,43.0,14,4,10
seq4925,20.0,14,2,12
seq4926,95.0,13,9,4
seq4935,44.0,13,4,9
seq4939,3.0,15,1,14
seq4941,119.0,13,11,2
seq4942,3.0,15,1,14
seq4944,4.0,14,1,13
seq4945,137.0,14,13,1
seq4947,35.0,13,3,10
seq4970,91.0,14,9,5
seq4973,47.0,0,0,0
seq4979,70.0,14,7,7
seq4982,36.0,13,3,10
seq4984,15.0,0,0,0
seq4989,19.0,13,1,12
seq4992,46.0,13,4,9
seq4993,118.0,13,11,2
seq5001,74.0,0,0,0
seq5002,17.0,13,1,12
seq5012,57.0,13,5,8
seq5015,7.0,14,1,13
seq5017,74.0,13,7,6
seq5019,18.0,13,1,12
seq5026,27.0,13,2,11
seq5034,132.0,14,13,1
seq5036,88.0,13,8,5
seq5038,81.0,14,8,6
seq5041,99.0,13,9,4
seq5045,137.0,14,13,1
seq5055,2.0,15,1,14
seq5059,79.0,0,0,0
seq5061,97.0,0,0,0
seq5063,125.0,0,0,0
seq5065,71.0,0,0,0
seq5066,100.0,0,0,0
seq5067,122.0,0,0,0
seq5069,105.0,13,10,3
seq5076,16.0,13,1,12
seq5077,92.0,14,9,5
seq5082,32.0,14,3,11
seq5084,47.0,0,0,0
seq5085,74.0,13,7,6
seq5090,25.0,13,2,11
seq5102,82.0,0,0,0
seq5106,44.0,13,4,9
seq5113,114.0,13,11,2
seq5114,28.0,0,0,0
seq5119,82.0,0,0,0
seq5124,98.0,0,0,0
seq5132,14.0,0,0,0
seq5136,124.0,13,12,1
seq5137,123.0,14,12,2
seq5142,130.0,0,0,0
seq5147,81.0,14,8,6
seq5149,103.0,0,0,0
seq5151,113.0,0,0,0
seq5153,66.0,13,6,7
seq5155,65.0,0,0,0
seq5156,3.0,0,0,0
seq5162,68.0,13,6,7
seq5170,3.0,15,1,14
seq5174,130.0,0,0,0
seq5176,13.0,14,1,13
seq5188,71.0,14,7,7
seq5196,32.0,14,3,11
seq5198,13.0,14,1,13
seq5205,83.0,14,8,6
seq5206,17.0,13,1,12
seq5210,42.0,14,4,10
seq5212,112.0,14,11,3
seq5216,25.0,0,0,0
seq5221,75.0,13,7,6
seq5225,116.0,13,11,2
seq5229,38.0,13,3,10
seq5232,57.0,13,5,8
seq5240,31.0,14,3,11
seq5242,25.0,0,0,0
seq5244,22.0,14,2,12
seq5262,42.0,14,4,10
seq5263,29.0,13,2,11
seq5267,129.0,13,12,1
seq5269,45.0,13,4,9
seq5270,132.0,0,0,0
seq5276,1.0,0,0,0
seq5277,4.0,14,1,13
seq5284,105.0,13,10,3
seq5285,142.0,15,14,1
seq5289,0.0,14,0,14
seq5291,79.0,13,7,6
seq5293,133.0,14,13,1
seq5296,118.0,13,11,2
seq5297,126.0,0,0,0
seq5300,124.0,13,12,1
seq5310,129.0,0,0,0
seq5324,24.0,0,0,0
seq5325,0.0,14,0,14
seq5339,133.0,14,13,1
seq5340,115.0,13,11,2
seq5355,120.0,14,12,2
seq5360,85.0,13,8,5
seq5363,111.0,14,11,3
seq5364,97.0,13,9,4
seq5366,18.0,13,1,12
seq5372,133.0,14,13,1
seq5382,86.0,0,0,0
seq5384,36.0,13,3,10
seq5391,99.0,13,9,4
seq5392,84.0,13,8,5
seq5398,40.0,14,4,10
seq5404,71.0,14,7,7
seq5406,98.0,13,9,4
seq5409,110.0,14,11,3
seq5414,137.0,14,13,1
seq5419,85.0,0,0,0
seq5420,103.0,0,0,0
seq5432,114.0,13,11,2
seq5433,30.0,14,3,11
seq5434,95.0,0,0,0
seq5435,17.0,13,1,12
seq5438,56.0,0,0,0
seq5445,74.0,13,7,6
seq5446,20.0,0,0,0
seq5450,21.0,14,2,12
seq5451,74.0,0,0,0
seq5452,61.0,14,6,8
seq5453,62.0,14,6,8
seq5454,75.0,13,7,6
seq5461,44.0,0,0,0
seq5463,64.0,13,6,7
seq5471,98.0,13,9,4
seq5472,96.0,13,9,4
seq5478,51.0,0,0,0
seq5481,16.0,13,1,12
seq5484,20.0,14,2,12
seq5487,69.0,0,0,0
seq5489,82.0,14,8,6
seq5490,35.0,0,0,0
seq5493,16.0,13,1,12
seq5497,89.0,13,8,5
seq5504,4.0,14,1,13
seq5506,0.0,14,0,14
seq5507,143.0,14,14,0
seq5509,40.0,0,0,0
seq5511,40.0,14,4,10
seq5514,132.0,0,0,0
seq5516,134.0,0,0,0
seq5517,59.0,13,5,8
seq5519,91.0,14,9,5
seq5523,21.0,14,2,12
seq5528,61.0,14,6,8
seq5532,118.0,13,11,2
seq5533,56.0,13,5,8
seq5547,85.0,13,8,5
seq5554,73.0,0,0,0
seq5555,98.0,13,9,4
seq5561,21.0,0,0,0
seq5562,25.0,0,0,0
seq5569,110.0,14,11,3
seq5581,111.0,14,11,3
seq5583,117.0,13,11,2
seq5586,109.0,13,10,3
seq5592,38.0,13,3,10
seq5611,125.0,13,12,1
seq5614,99.0,13,9,4
seq5616,86.0,13,8,5
seq5617,45.0,0,0,0
seq5618,65.0,13,6,7
seq5620,4.0,14,1,13
seq5626,63.0,14,6,8
seq5637,132.0,14,13,1
seq5640,97.0,0,0,0
seq5644,41.0,14,4,10
seq5647,87.0,0,0,0
seq5652,125.0,13,12,1
seq5657,9.0,14,1,13
seq5661,35.0,13,3,10
seq5672,21.0,14,2,12
seq5677,37.0,13,3,10
seq5679,39.0,0,0,0
seq5680,94.0,0,0,0
seq5682,62.0,14,6,8
seq5687,34.0,0,0,0
seq5691,101.0,14,10,4
seq5692,106.0,13,10,3
seq5697,95.0,13,9,4
seq5698,91.0,14,9,5
seq5702,54.0,13,5,8
seq5707,23.0,0,0,0
seq5715,84.0,13,8,5
seq5717,125.0,13,12,1
seq5719,26.0,13,2,11
seq5720,19.0,13,1,12
seq5722,72.0,14,7,7
seq5725,52.0,0,0,0
seq5727,2.0,15,1,14
seq5732,130.0,14,13,1
seq5736,38.0,13,3,10
seq5740,40.0,14,4,10
seq5743,99.0,0,0,0
seq5744,139.0,0,0,0
seq5747,5.0,14,1,13
seq5748,62.0,14,6,8
seq5760,51.0,14,5,9
seq5764,33.0,14,3,11
seq5767,94.0,13,9,4
seq5774,108.0,13,10,3
seq5776,63.0,0,0,0
seq5783,6.0,14,1,13
seq5785,91.0,14,9,5
seq5789,119.0,13,11,2
seq5790,86.0,0,0,0
seq5791,108.0,13,10,3
seq5797,59.0,13,5,8
seq5801,5.0,14,1,13
seq5805,80.0,14,8,6
seq5814,72.0,14,7,7
seq5820,96.0,13,9,4
seq5829,39.0,13,3,10
seq5830,65.0,0,0,0
seq5831,114.0,13,11,2
seq5839,82.0,14,8,6
seq5848,53.0,14,5,9
seq5851,118.0,13,11,2
seq5863,65.0,13,6,7
seq5874,59.0,13,5,8
seq5875,53.0,14,5,9
seq5876,38.0,0,0,0
seq5893,31.0,0,0,0
seq5894,122.0,14,12,2
seq5897,35.0,13,3,10
seq5900,103.0,14,10,4
seq5903,101.0,0,0,0
seq5907,99.0,13,9,4
seq5912,74.0,13,7,6
seq5914,83.0,0,0,0
seq5916,104.0,0,0,0
seq5918,63.0,14,6,8
seq5920,62.0,0,0,0
seq5922,115.0,13,11,2
seq5933,121.0,14,12,2
seq5935,89.0,13,8,5
seq5940,54.0,13,5,8
seq5945,137.0,14,13,1
seq5946,8.0,0,0,0
seq5949,130.0,14,13,1
seq5951,106.0,13,10,3
seq5954,71.0,14,7,7
seq5958,37.0,0,0,0
seq5969,117.0,13,11,2
seq5970,129.0,13,12,1
seq5971,101.0,0,0,0
seq5974,42.0,0,0,0
seq5978,42.0,14,4,10
seq5979,133.0,14,13,1
seq5982,109.0,13,10,3
seq5983,3.0,15,1,14
seq6001,72.0,14,7,7
seq6002,48.0,13,4,9
seq6003,9.0,14,1,13
seq6007,7.0,14,1,13
seq6008,9.0,14,1,13
seq6011,106.0,13,10,3
seq6014,7.0,14,1,13
seq6018,53.0,14,5,9
seq6019,13.0,0,0,0
seq6024,124.0,13,12,1
seq6030,78.0,0,0,0
seq6033,41.0,14,4,10
seq6042,71.0,14,7,7
seq6047,84.0,13,8,5
seq6057,64.0,13,6,7
seq6058,103.0,14,10,4
seq6060,43.0,14,4,10
seq6061,113.0,0,0,0
seq6062,82.0,0,0,0
seq6067,129.0,13,12,1
seq6087,88.0,13,8,5
seq6088,76.0,13,7,6
seq6089,120.0,14,12,2
seq6090,78.0,13,7,6
seq6099,111.0,14,11,3
seq6101,70.0,0,0,0
seq6103,142.0,15,14,1
seq6107,84.0,0,0,0
seq6108,118.0,0,0,0
seq6109,99.0,13,9,4
seq6111,142.0,0,0,0
seq6114,87.0,13,8,5
seq6116,58.0,13,5,8
seq6117,75.0,13,7,6
seq6121,40.0,14,4,10
seq6130,54.0,13,5,8
seq6131,58.0,13,5,8
seq6134,31.0,14,3,11
seq6136,39.0,13,3,10
seq6141,94.0,13,9,4
seq6143,2.0,15,1,14
seq6144,107.0,0,0,0
seq6148,103.0,14,10,4
seq6150,94.0,13,9,4
seq6152,125.0,0,0,0
seq6157,3.0,15,1,14
seq6166,82.0,0,0,0
seq6171,29.0,13,2,11
seq6174,24.0,13,2,11
seq6176,11.0,0,0,0
seq6181,139.0,14,13,1
seq6182,84.0,13,8,5
seq6183,72.0,14,7,7
seq6191,4.0,14,1,13
seq6192,110.0,0,0,0
seq6202,58.0,0,0,0
seq6203,36.0,13,3,10
seq6206,41.0,14,4,10
seq6209,52.0,14,5,9
seq6214,72.0,14,7,7
seq6217,5.0,14,1,13
seq6218,65.0,0,0,0
seq6221,52.0,14,5,9
seq6225,15.0,13,1,12
seq6227,70.0,14,7,7
seq6234,73.0,14,7,7
seq6238,39.0,13,3,10
seq6241,96.0,13,9,4
seq6244,52.0,14,5,9
seq6246,55.0,13,5,8
seq6247,8.0,14,1,13
seq6248,93.0,14,9,5
seq6260,73.0,14,7,7
seq6264,6.0,14,1,13
seq6268,124.0,13,12,1
seq6269,134.0,14,13,1
seq6270,109.0,0,0,0
seq6273,134.0,14,13,1
seq6282,44.0,13,4,9
seq6287,18.0,13,1,12
seq6301,118.0,13,11,2
seq6308,74.0,13,7,6
seq6310,105.0,0,0,0
seq6321,70.0,14,7,7
seq6330,27.0,13,2,11
seq6334,140.0,15,14,1
seq6337,36.0,13,3,10
seq6339,31.0,14,3,11
seq6344,44.0,13,4,9
seq6346,30.0,14,3,11
seq6354,50.0,0,0,0
seq6358,24.0,13,2,11
seq6364,101.0,14,10,4
seq6366,106.0,0,0,0
seq6367,59.0,13,5,8
seq6371,65.0,13,6,7
seq6383,4.0,14,1,13
seq6388,8.0,14,1,13
seq6391,83.0,14,8,6
seq6393,86.0,13,8,5
seq6398,136.0,14,13,1
seq6401,117.0,0,0,0
seq6403,88.0,13,8,5
seq6408,62.0,14,6,8
seq6413,36.0,13,3,10
seq6425,102.0,14,10,4
seq6428,134.0,14,13,1
seq6438,63.0,0,0,0
seq6441,51.0,14,5,9
seq6443,11.0,14,1,13
seq6444,37.0,0,0,0
seq6446,56.0,13,5,8
seq6447,49.0,0,0,0
seq6450,102.0,14,10,4
seq6453,138.0,14,13,1
seq6456,103.0,14,10,4
seq6461,138.0,14,13,1
seq6463,109.0,13,10,3
seq6466,29.0,13,2,11
seq6467,73.0,14,7,7
seq6468,47.0,13,4,9
seq6470,27.0,13,2,11
seq6472,40.0,0,0,0
seq6478,53.0,14,5,9
seq6482,107.0,0,0,0
seq6485,77.0,13,7,6
seq6488,82.0,14,8,6
seq6491,75.0,0,0,0
seq6493,25.0,0,0,0
seq6501,137.0,14,13,1
seq6507,112.0,0,0,0
seq6509,129.0,0,0,0
seq6510,74.0,13,7,6
seq6512,78.0,13,7,6
seq6517,23.0,14,2,12
seq6519,83.0,0,0,0
seq6520,91.0,14,9,5
seq6521,141.0,15,14,1
seq6523,141.0,15,14,1
seq6524,12.0,14,1,13
seq6531,100.0,0,0,0
seq6532,4.0,14,1,13
seq6535,115.0,13,11,2
seq6536,48.0,13,4,9
seq6538,105.0,13,10,3
seq6541,42.0,14,4,10
seq6549,24.0,13,2,11
seq6553,133.0,0,0,0
seq6555,19.0,13,1,12
seq6557,47.0,13,4,9
seq6561,24.0,13,2,11
seq6565,94.0,13,9,4
seq6567,25.0,13,2,11
seq6578,51.0,14,5,9
seq6582,129.0,13,12,1
seq6583,3.0,15,1,14
seq6587,15.0,0,0,0
seq6592,4.0,14,1,13
seq6594,130.0,14,13,1
seq6599,139.0,14,13,1
seq6603,61.0,14,6,8
seq6604,65.0,0,0,0
seq6610,9.0,14,1,13
seq6619,46.0,13,4,9
seq6624,117.0,13,11,2
seq6626,141.0,0,0,0
seq6632,95.0,13,9,4
seq6634,122.0,0,0,0
seq6635,99.0,13,9,4
seq6636,37.0,13,3,10
seq6641,19.0,13,1,12
seq6647,135.0,14,13,1
seq6649,118.0,13,11,2
seq6654,109.0,13,10,3
seq6656,40.0,14,4,10
seq6657,88.0,13,8,5
seq6659,126.0,13,12,1
seq6664,62.0,0,0,0
seq6673,52.0,14,5,9
seq6678,85.0,0,0,0
seq6680,35.0,13,3,10
seq6681,19.0,13,1,12
seq6684,10.0,14,1,13
seq6685,124.0,13,12,1
seq6687,75.0,13,7,6
seq6692,93.0,0,0,0
seq6695,125.0,0,0,0
seq6699,76.0,13,7,6
seq6702,114.0,13,11,2
seq6708,110.0,14,11,3
seq6710,5.0,14,1,13
seq6719,110.0,14,11,3
seq6725,132.0,0,0,0
seq6728,76.0,13,7,6
seq6729,58.0,13,5,8
seq6737,95.0,0,0,0
seq6740,103.0,14,10,4
seq6743,98.0,0,0,0
seq6745,106.0,0,0,0
seq6747,19.0,13,1,12
seq6758,71.0,14,7,7
seq6764,116.0,13,11,2
seq6775,62.0,0,0,0
seq6778,3.0,15,1,14
seq6782,34.0,13,3,10
seq6789,116.0,13,11,2
seq6792,86.0,13,8,5
seq6793,48.0,13,4,9
seq6803,40.0,0,0,0
seq6804,25.0,13,2,11
seq6809,23.0,14,2,12
seq6812,24.0,13,2,11
seq6813,65.0,13,6,7
seq6825,27.0,13,2,11
seq6827,132.0,14,13,1
seq6834,140.0,15,14,1
seq6851,4.0,14,1,13
seq6852,136.0,0,0,0
seq6855,122.0,0,0,0
seq6858,87.0,13,8,5
seq6859,83.0,14,8,6
seq6863,133.0,14,13,1
seq6868,25.0,13,2,11
seq6874,69.0,13,6,7
seq6875,85.0,0,0,0
seq6889,141.0,0,0,0
seq6890,47.0,13,4,9
seq6891,117.0,13,11,2
seq6894,125.0,0,0,0
seq6897,89.0,13,8,5
seq6906,122.0,14,12,2
seq6908,119.0,13,11,2
seq6910,133.0,14,13,1
seq6916,93.0,14,9,5
seq6919,131.0,14,13,1
seq6923,48.0,0,0,0
seq6933,50.0,0,0,0
seq6936,19.0,13,1,12
seq6942,82.0,0,0,0
seq6945,16.0,13,1,12
seq6948,45.0,13,4,9
seq6952,85.0,13,8,5
seq6953,96.0,13,9,4
seq6956,71.0,14,7,7
seq6957,67.0,0,0,0
seq6958,116.0,13,11,2
seq6959,131.0,14,13,1
seq6960,143.0,14,14,0
seq6961,17.0,0,0,0
seq6963,52.0,0,0,0
seq6967,69.0,13,6,7
seq6968,9.0,14,1,13
seq6970,43.0,14,4,10
seq6973,142.0,15,14,1
seq6979,97.0,13,9,4
seq6982,9.0,0,0,0
seq6989,141.0,15,14,1
seq6991,136.0,14,13,1
seq7001,33.0,14,3,11
seq7010,98.0,13,9,4
seq7012,74.0,13,7,6
seq7022,34.0,13,3,10
seq7025,125.0,0,0,0
seq7026,67.0,13,6,7
seq7027,63.0,14,6,8
seq7028,51.0,14,5,9
seq7030,4.0,14,1,13
seq7035,53.0,14,5,9
seq7043,14.0,13,1,12
seq7054,107.0,13,10,3
seq7055,86.0,13,8,5
seq7057,4.0,0,0,0
seq7062,10.0,0,0,0
seq7063,43.0,14,4,10
seq7065,62.0,14,6,8
seq7074,128.0,13,12,1
seq7075,104.0,13,10,3
seq7091,35.0,13,3,10
seq7096,76.0,13,7,6
seq7117,37.0,13,3,10
seq7118,79.0,0,0,0
seq7126,45.0,13,4,9
seq7131,58.0,13,5,8
seq7132,34.0,13,3,10
seq7135,67.0,13,6,7
seq7136,114.0,13,11,2
seq7137,92.0,14,9,5
seq7140,139.0,0,0,0
seq7145,89.0,0,0,0
seq7146,95.0,13,9,4
seq7154,100.0,0,0,0
seq7157,113.0,14,11,3
seq7159,33.0,14,3,11
seq7164,65.0,13,6,7
seq7169,58.0,13,5,8
seq7174,16.0,13,1,12
seq7179,97.0,13,9,4
seq7182,56.0,0,0,0
seq7185,53.0,14,5,9
seq7186,39.0,13,3,10
seq7194,57.0,13,5,8
seq7197,79.0,13,7,6
seq7202,116.0,0,0,0
seq7211,88.0,0,0,0
seq7212,89.0,13,8,5
seq7214,46.0,13,4,9
seq7215,129.0,13,12,1
seq7217,98.0,13,9,4
seq7221,76.0,0,0,0
seq7223,138.0,0,0,0
seq7227,111.0,14,11,3
seq7230,10.0,14,1,13
seq7233,55.0,13,5,8
seq7235,29.0,13,2,11
seq7236,25.0,13,2,11
seq7237,46.0,0,0,0
seq7239,6.0,14,1,13
seq7251,120.0,0,0,0
seq7254,96.0,13,9,4
seq7258,132.0,14,13,1
seq7259,64.0,13,6,7
seq7265,95.0,13,9,4
seq7275,111.0,14,11,3
seq7277,9.0,14,1,13
seq7284,88.0,13,8,5
seq7286,116.0,13,11,2
seq7287,51.0,14,5,9
seq7300,110.0,14,11,3
seq7302,141.0,15,14,1
seq7304,74.0,0,0,0
seq7305,14.0,13,1,12
seq7308,108.0,13,10,3
seq7312,99.0,13,9,4
seq7313,37.0,0,0,0
seq7315,7.0,14,1,13
seq7322,87.0,0,0,0
seq7323,110.0,14,11,3
seq7328,12.0,14,1,13
seq7332,75.0,13,7,6
seq7333,23.0,14,2,12
seq7338,139.0,0,0,0
seq7341,42.0,14,4,10
seq7343,138.0,14,13,1
seq7344,44.0,13,4,9
seq7349,68.0,0,0,0
seq7350,68.0,13,6,7
seq7351,116.0,13,11,2
seq7352,24.0,13,2,11
seq7353,69.0,13,6,7
seq7363,45.0,13,4,9
seq7373,89.0,13,8,5
seq7374,13.0,14,1,13
seq7387,25.0,13,2,11
seq7388,35.0,13,3,10
seq7394,128.0,13,12,1
seq7398,100.0,14,10,4
seq7399,81.0,14,8,6
seq7403,131.0,14,13,1
seq7404,47.0,13,4,9
seq7405,6.0,14,1,13
seq7412,3.0,15,1,14
seq7415,37.0,13,3,10
seq7417,81.0,14,8,6
seq7427,119.0,13,11,2
seq7429,59.0,0,0,0
seq7441,56.0,13,5,8
seq7442,17.0,13,1,12
seq7447,134.0,14,13,1
seq7453,49.0,13,4,9
seq7455,135.0,14,13,1
seq7458,123.0,14,12,2
seq7460,89.0,0,0,0
seq7466,5.0,0,0,0
seq7467,17.0,0,0,0
seq7471,53.0,14,5,9
seq7473,28.0,13,2,11
seq7476,3.0,0,0,0
seq7479,28.0,0,0,0
seq7488,132.0,14,13,1
seq7490,16.0,13,1,12
seq7493,93.0,14,9,5
seq7494,114.0,13,11,2
seq7502,126.0,0,0,0
seq7507,4.0,14,1,13
seq7508,49.0,13,4,9
seq7513,80.0,14,8,6
seq7520,135.0,14,13,1
seq7526,85.0,13,8,5
seq7529,93.0,0,0,0
seq7530,116.0,13,11,2
seq7531,96.0,13,9,4
seq7534,23.0,14,2,12
seq7536,73.0,14,7,7
seq7537,121.0,14,12,2
seq7538,111.0,14,11,3
seq7545,116.0,13,11,2
seq7546,28.0,0,0,0
seq7561,54.0,13,5,8
seq7569,20.0,14,2,12
seq7570,7.0,14,1,13
seq7572,90.0,14,9,5
seq7574,23.0,14,2,12
seq7575,137.0,14,13,1
seq7576,11.0,0,0,0
seq7578,124.0,13,12,1
seq7579,116.0,13,11,2
seq7584,108.0,0,0,0
seq7591,37.0,13,3,10
seq7593,35.0,13,3,10
seq7597,40.0,14,4,10
seq7600,102.0,14,10,4
seq7602,68.0,13,6,7
seq7609,73.0,14,7,7
seq7610,46.0,13,4,9
seq7616,38.0,13,3,10
seq7625,105.0,13,10,3
seq7632,65.0,13,6,7
seq7633,75.0,13,7,6
seq7645,103.0,14,10,4
seq7646,20.0,14,2,12
seq7647,7.0,14,1,13
seq7653,0.0,14,0,14
seq7656,132.0,14,13,1
seq7657,65.0,13,6,7
seq7662,18.0,13,1,12
seq7667,62.0,14,6,8
seq7669,15.0,13,1,12
seq7671,9.0,14,1,13
seq7673,55.0,13,5,8
seq7674,91.0,14,9,5
seq7675,78.0,13,7,6
seq7678,67.0,13,6,7
seq7681,92.0,14,9,5
seq7683,103.0,0,0,0
seq7684,79.0,13,7,6
seq7685,33.0,14,3,11
seq7687,108.0,13,10,3
seq7697,109.0,13,10,3
seq7703,140.0,15,14,1
seq7706,84.0,13,8,5
seq7710,67.0,0,0,0
seq7711,17.0,0,0,0
seq7712,82.0,14,8,6
seq7725,55.0,13,5,8
seq7727,6.0,14,1,13
seq7728,121.0,0,0,0
seq7731,62.0,0,0,0
seq7735,16.0,13,1,12
seq7737,2.0,15,1,14
seq7738,30.0,14,3,11
seq7745,79.0,13,7,6
seq7751,101.0,14,10,4
seq7762,125.0,13,12,1
seq7763,101.0,0,0,0
seq7767,72.0,0,0,0
seq7793,37.0,13,3,10
seq7794,74.0,13,7,6
seq7795,90.0,14,9,5
seq7799,130.0,14,13,1
seq7800,66.0,13,6,7
seq7802,81.0,14,8,6
seq7807,64.0,13,6,7
seq7808,26.0,13,2,11
seq7811,141.0,0,0,0
seq7812,10.0,14,1,13
seq7817,75.0,13,7,6
seq7822,62.0,14,6,8
seq7824,25.0,13,2,11
seq7828,8.0,14,1,13
seq7831,111.0,14,11,3
seq7840,136.0,14,13,1
seq7842,73.0,14,7,7
seq7847,142.0,15,14,1
seq7849,20.0,0,0,0
seq7851,62.0,14,6,8
seq7852,52.0,14,5,9
seq7853,114.0,13,11,2
seq7855,109.0,13,10,3
seq7860,126.0,13,12,1
seq7863,69.0,13,6,7
seq7865,143.0,14,14,0
seq7870,111.0,0,0,0
seq7872,93.0,14,9,5
seq7873,57.0,13,5,8
seq7876,119.0,0,0,0
seq7877,59.0,0,0,0
seq7882,45.0,13,4,9
seq7887,99.0,13,9,4
seq7888,127.0,13,12,1
seq7892,8.0,14,1,13
seq7901,5.0,14,1,13
seq7902,43.0,14,4,10
seq7904,107.0,0,0,0
seq7914,21.0,14,2,12
seq7915,123.0,14,12,2
seq7920,32.0,14,3,11
seq7922,57.0,13,5,8
seq7923,128.0,0,0,0
seq7927,115.0,0,0,0
seq7935,136.0,14,13,1
seq7953,108.0,13,10,3
seq7959,142.0,0,0,0
seq7962,38.0,13,3,10
seq7978,52.0,0,0,0
seq7981,35.0,13,3,10
seq7982,67.0,13,6,7
seq7986,134.0,14,13,1
seq7987,77.0,13,7,6
seq7989,45.0,13,4,9
seq7993,103.0,14,10,4
seq8011,140.0,15,14,1
seq8013,47.0,0,0,0
seq8016,49.0,0,0,0
seq8017,97.0,13,9,4
seq8018,53.0,14,5,9
seq8025,61.0,14,6,8
seq8027,1.0,15,1,14
seq8032,0.0,14,0,14
seq8034,30.0,0,0,0
seq8036,88.0,0,0,0
seq8038,1.0,15,1,14
seq8039,140.0,15,14,1
seq8040,73.0,14,7,7
seq8051,78.0,13,7,6
seq8056,72.0,14,7,7
seq8058,96.0,13,9,4
seq8060,42.0,0,0,0
seq8061,95.0,13,9,4
seq8062,111.0,14,11,3
seq8064,67.0,13,6,7
seq8066,80.0,14,8,6
seq8067,8.0,14,1,13
seq8070,102.0,14,10,4
seq8072,57.0,13,5,8
seq8076,21.0,14,2,12
seq8080,76.0,0,0,0
seq8087,72.0,14,7,7
seq8089,121.0,14,12,2
seq8093,70.0,14,7,7
seq8115,61.0,14,6,8
seq8116,51.0,14,5,9
seq8121,93.0,14,9,5
seq8125,139.0,14,13,1
seq8131,14.0,13,1,12
seq8148,62.0,14,6,8
seq8156,134.0,14,13,1
seq8159,124.0,0,0,0
seq8161,131.0,14,13,1
seq8162,16.0,0,0,0
seq8165,23.0,0,0,0
seq8166,15.0,13,1,12
seq8170,9.0,14,1,13
seq8178,46.0,13,4,9
seq8187,1.0,0,0,0
seq8193,105.0,0,0,0
seq8194,109.0,13,10,3
seq8203,102.0,14,10,4
seq8213,115.0,13,11,2
seq8218,102.0,14,10,4
seq8219,3.0,0,0,0
seq8224,37.0,13,3,10
seq8226,16.0,13,1,12
seq8229,81.0,14,8,6
seq8234,24.0,0,0,0
seq8239,13.0,14,1,13
seq8243,1.0,15,1,14
seq8251,98.0,13,9,4
seq8252,49.0,0,0,0
seq8255,81.0,14,8,6
seq8256,143.0,14,14,0
seq8259,4.0,14,1,13
seq8266,102.0,0,0,0
seq8278,23.0,14,2,12
seq8286,30.0,0,0,0
seq8293,78.0,0,0,0
seq8295,10.0,0,0,0
seq8297,18.0,0,0,0
seq8301,108.0,13,10,3
seq8305,73.0,14,7,7
seq8310,134.0,14,13,1
seq8313,45.0,0,0,0
seq8315,30.0,14,3,11
seq8317,104.0,13,10,3
seq8331,81.0,14,8,6
seq8337,56.0,13,5,8
seq8347,86.0,13,8,5
seq8348,22.0,14,2,12
seq8349,39.0,0,0,0
seq8352,85.0,13,8,5
seq8357,41.0,14,4,10
seq8372,59.0,0,0,0
seq8383,125.0,13,12,1
seq8390,134.0,14,13,1
seq8394,8.0,14,1,13
seq8398,140.0,15,14,1
seq8399,85.0,13,8,5
seq8403,66.0,13,6,7
seq8407,78.0,13,7,6
seq8409,101.0,14,10,4
seq8414,87.0,13,8,5
seq8416,91.0,0,0,0
seq8422,6.0,14,1,13
seq8427,135.0,14,13,1
seq8431,0.0,0,0,0
seq8432,12.0,0,0,0
seq8437,143.0,0,0,0
seq8441,125.0,0,0,0
seq8446,102.0,0,0,0
seq8451,78.0,13,7,6
seq8453,111.0,14,11,3
seq8460,98.0,0,0,0
seq8471,10.0,14,1,13
seq8473,60.0,14,6,8
seq8475,107.0,13,10,3
seq8480,108.0,13,10,3
seq8484,109.0,0,0,0
seq8485,143.0,14,14,0
seq8489,52.0,14,5,9
seq8498,55.0,13,5,8
seq8500,55.0,13,5,8
seq8501,71.0,14,7,7
seq8505,39.0,13,3,10
seq8507,127.0,13,12,1
seq8508,39.0,13,3,10
seq8512,11.0,14,1,13
seq8514,3.0,15,1,14
seq8515,5.0,14,1,13
seq8533,105.0,0,0,0
seq8535,49.0,0,0,0
seq8543,36.0,13,3,10
seq8544,87.0,13,8,5
seq8546,142.0,0,0,0
seq8561,62.0,14,6,8
seq8569,51.0,14,5,9
seq8573,110.0,14,11,3
seq8578,14.0,13,1,12
seq8587,31.0,14,3,11
seq8590,55.0,13,5,8
seq8591,10.0,14,1,13
seq8592,74.0,0,0,0
seq8599,46.0,0,0,0
seq8600,67.0,13,6,7
seq8602,109.0,13,10,3
seq8609,82.0,14,8,6
seq8617,119.0,13,11,2
seq8618,17.0,13,1,12
seq8621,1.0,15,1,14
seq8632,7.0,0,0,0
seq8633,93.0,14,9,5
seq8635,8.0,14,1,13
seq8642,2.0,15,1,14
seq8648,87.0,0,0,0
seq8653,94.0,13,9,4
seq8654,2.0,15,1,14
seq8657,26.0,0,0,0
seq8658,52.0,14,5,9
seq8659,68.0,0,0,0
seq8662,125.0,13,12,1
seq8669,25.0,0,0,0
seq8670,102.0,14,10,4
seq8675,7.0,14,1,13
seq8688,63.0,14,6,8
seq8691,7.0,14,1,13
seq8692,114.0,13,11,2
seq8695,106.0,13,10,3
seq8697,2.0,15,1,14
seq8698,128.0,13,12,1
seq8703,57.0,0,0,0
seq8704,31.0,14,3,11
seq8705,47.0,13,4,9
seq8707,42.0,14,4,10
seq8713,114.0,13,11,2
seq8714,41.0,0,0,0
seq8717,95.0,13,9,4
seq8719,49.0,13,4,9
seq8720,68.0,0,0,0
seq8725,46.0,0,0,0
seq8726,11.0,14,1,13
seq8727,141.0,15,14,1
seq8730,136.0,14,13,1
seq8731,79.0,13,7,6
seq8732,40.0,14,4,10
seq8734,133.0,14,13,1
seq8737,89.0,13,8,5
seq8740,11.0,14,1,13
seq8741,22.0,0,0,0
seq8742,83.0,14,8,6
seq8745,112.0,14,11,3
seq8746,104.0,13,10,3
seq8752,139.0,14,13,1
seq8754,15.0,0,0,0
seq8757,108.0,13,10,3
seq8766,82.0,0,0,0
seq8778,90.0,14,9,5
seq8781,89.0,13,8,5
seq8784,88.0,13,8,5
seq8789,29.0,13,2,11
seq8792,67.0,13,6,7
seq8793,95.0,13,9,4
seq8807,56.0,0,0,0
seq8818,78.0,0,0,0
seq8828,21.0,14,2,12
seq8831,52.0,14,5,9
seq8833,88.0,0,0,0
seq8835,98.0,13,9,4
seq8844,6.0,14,1,13
seq8847,135.0,14,13,1
seq8848,62.0,0,0,0
seq8849,38.0,0,0,0
seq8852,139.0,14,13,1
seq8855,108.0,0,0,0
seq8860,86.0,13,8,5
seq8862,63.0,14,6,8
seq8864,124.0,13,12,1
seq8866,98.0,0,0,0
seq8871,110.0,14,11,3
seq8877,5.0,14,1,13
seq8881,38.0,13,3,10
seq8893,68.0,13,6,7
seq8900,137.0,14,13,1
seq8906,66.0,0,0,0
seq8908,141.0,15,14,1
seq8914,132.0,14,13,1
seq8916,15.0,0,0,0
seq8918,0.0,14,0,14
seq8920,81.0,14,8,6
seq8927,33.0,0,0,0
seq8929,80.0,14,8,6
seq8934,99.0,13,9,4
seq8935,67.0,13,6,7
seq8936,77.0,13,7,6
seq8937,50.0,14,5,9
seq8941,139.0,14,13,1
seq8945,15.0,13,1,12
seq8951,136.0,14,13,1
seq8952,108.0,13,10,3
seq8954,65.0,0,0,0
seq8957,52.0,14,5,9
seq8962,11.0,14,1,13
seq8975,9.0,0,0,0
seq8977,12.0,14,1,13
seq8980,71.0,14,7,7
seq8982,87.0,13,8,5
seq8986,66.0,0,0,0
seq8996,70.0,14,7,7
seq9004,124.0,0,0,0
seq9005,141.0,15,14,1
seq9013,104.0,13,10,3
seq9021,53.0,14,5,9
seq9023,4.0,14,1,13
seq9025,44.0,13,4,9
seq9028,118.0,13,11,2
seq9029,101.0,0,0,0
seq9033,64.0,0,0,0
seq9034,94.0,0,0,0
seq9037,4.0,14,1,13
seq9039,105.0,13,10,3
seq9041,31.0,14,3,11
seq9042,138.0,14,13,1
seq9044,8.0,14,1,13
seq9047,40.0,14,4,10
seq9048,25.0,13,2,11
seq9049,102.0,14,10,4
seq9050,94.0,0,0,0
seq9054,67.0,13,6,7
seq9062,133.0,0,0,0
seq9067,79.0,13,7,6
seq9071,80.0,14,8,6
seq9075,65.0,13,6,7
seq9086,98.0,13,9,4
seq9093,15.0,13,1,12
seq9103,87.0,0,0,0
seq9109,72.0,14,7,7
seq9110,75.0,13,7,6
seq9111,54.0,0,0,0
seq9124,3.0,0,0,0
seq9127,37.0,0,0,0
seq9130,6.0,14,1,13
seq9132,52.0,14,5,9
seq9137,23.0,14,2,12
seq9145,113.0,14,11,3
seq9146,11.0,14,1,13
seq9149,104.0,13,10,3
seq9153,105.0,0,0,0
seq9156,105.0,13,10,3
seq9157,115.0,13,11,2
seq9163,55.0,13,5,8
seq9166,3.0,15,1,14
seq9168,88.0,13,8,5
seq9170,53.0,14,5,9
seq9171,78.0,13,7,6
seq9172,93.0,14,9,5
seq9178,132.0,0,0,0
seq9188,66.0,13,6,7
seq9190,25.0,13,2,11
seq9192,37.0,13,3,10
seq9195,10.0,14,1,13
seq9199,80.0,0,0,0
seq9202,97.0,13,9,4
seq9208,80.0,14,8,6
seq9214,143.0,14,14,0
seq9219,25.0,13,2,11
seq9220,83.0,14,8,6
seq9223,66.0,13,6,7
seq9224,85.0,13,8,5
seq9228,134.0,14,13,1
seq9230,68.0,13,6,7
seq9234,39.0,13,3,10
seq9245,3.0,15,1,14
seq9256,23.0,14,2,12
seq9259,110.0,0,0,0
seq9262,100.0,14,10,4
seq9268,78.0,13,7,6
seq9271,83.0,14,8,6
seq9276,17.0,13,1,12
seq9277,139.0,14,13,1
seq9281,41.0,14,4,10
seq9283,36.0,13,3,10
seq9286,58.0,13,5,8
seq9287,77.0,0,0,0
seq9290,139.0,14,13,1
seq9293,10.0,14,1,13
seq9296,29.0,13,2,11
seq9297,4.0,0,0,0
seq9306,65.0,13,6,7
seq9308,119.0,0,0,0
seq9309,64.0,13,6,7
seq9310,67.0,0,0,0
seq9314,78.0,13,7,6
seq9317,75.0,13,7,6
seq9318,61.0,14,6,8
seq9322,108.0,13,10,3
seq9324,133.0,14,13,1
seq9341,125.0,13,12,1
seq9342,50.0,14,5,9
seq9344,11.0,0,0,0
seq9348,93.0,14,9,5
seq9351,30.0,14,3,11
seq9352,9.0,14,1,13
seq9354,69.0,0,0,0
seq9356,90.0,14,9,5
seq9358,8.0,14,1,13
seq9361,56.0,13,5,8
seq9366,24.0,13,2,11
seq9373,87.0,13,8,5
seq9374,130.0,14,13,1
seq9375,134.0,14,13,1
seq9377,66.0,13,6,7
seq9378,18.0,0,0,0
seq9385,65.0,13,6,7
seq9386,103.0,0,0,0
seq9389,105.0,0,0,0
seq9396,34.0,13,3,10
seq9400,54.0,13,5,8
seq9401,12.0,14,1,13
seq9402,49.0,0,0,0
seq9406,17.0,0,0,0
seq9407,84.0,13,8,5
seq9410,91.0,14,9,5
seq9412,67.0,13,6,7
seq9413,120.0,14,12,2
seq9424,5.0,14,1,13
seq9430,49.0,13,4,9
seq9434,5.0,14,1,13
seq9435,16.0,13,1,12
seq9437,40.0,0,0,0
seq9438,76.0,13,7,6
seq9446,52.0,14,5,9
seq9453,11.0,14,1,13
seq9468,5.0,14,1,13
seq9470,104.0,13,10,3
seq9471,6.0,14,1,13
seq9475,125.0,13,12,1
seq9478,80.0,14,8,6
seq9483,42.0,0,0,0
seq9485,0.0,0,0,0
seq9487,96.0,13,9,4
seq9496,75.0,0,0,0
seq9500,116.0,13,11,2
seq9502,122.0,14,12,2
seq9513,19.0,13,1,12
seq9518,32.0,14,3,11
seq9519,90.0,14,9,5
seq9520,22.0,14,2,12
seq9526,64.0,0,0,0
seq9529,130.0,0,0,0
seq9530,92.0,14,9,5
seq9531,129.0,13,12,1
seq9532,48.0,13,4,9
seq9535,121.0,14,12,2
seq9536,121.0,14,12,2
seq9544,99.0,13,9,4
seq9547,93.0,0,0,0
seq9564,12.0,14,1,13
seq9570,104.0,13,10,3
seq9580,111.0,0,0,0
seq9582,66.0,0,0,0
seq9584,122.0,0,0,0
seq9592,88.0,13,8,5
seq9593,138.0,0,0,0
seq9599,11.0,14,1,13
seq9603,39.0,13,3,10
seq9607,104.0,0,0,0
seq9609,88.0,13,8,5
seq9610,31.0,14,3,11
seq9617,45.0,13,4,9
seq9620,114.0,13,11,2
seq9622,22.0,0,0,0
seq9635,127.0,13,12,1
seq9636,34.0,13,3,10
seq9637,120.0,14,12,2
seq9640,143.0,14,14,0
seq9643,113.0,14,11,3
seq9646,31.0,0,0,0
seq9651,117.0,13,11,2
seq9652,5.0,14,1,13
seq9654,14.0,13,1,12
seq9659,18.0,13,1,12
seq9661,33.0,14,3,11
seq9666,135.0,0,0,0
seq9667,132.0,14,13,1
seq9670,13.0,0,0,0
seq9672,123.0,14,12,2
seq9673,108.0,13,10,3
seq9674,34.0,0,0,0
seq9684,97.0,13,9,4
seq9686,21.0,14,2,12
seq9688,65.0,13,6,7
seq9692,24.0,13,2,11
seq9696,53.0,14,5,9
seq9697,8.0,0,0,0
seq9700,89.0,13,8,5
seq9701,77.0,0,0,0
seq9705,89.0,13,8,5
seq9706,132.0,14,13,1
seq9707,88.0,0,0,0
seq9709,90.0,14,9,5
seq9710,46.0,13,4,9
seq9712,136.0,0,0,0
seq9714,8.0,14,1,13
seq9716,102.0,14,10,4
seq9727,112.0,14,11,3
seq9729,108.0,13,10,3
seq9730,116.0,13,11,2
seq9738,19.0,13,1,12
seq9740,63.0,14,6,8
seq9743,66.0,13,6,7
seq9750,107.0,13,10,3
seq9759,15.0,13,1,12
seq9764,96.0,13,9,4
seq9765,47.0,13,4,9
seq9769,122.0,14,12,2
seq9772,30.0,14,3,11
seq9778,16.0,13,1,12
seq9784,16.0,13,1,12
seq9787,59.0,13,5,8
seq9792,75.0,0,0,0
seq9794,123.0,14,12,2
seq9797,49.0,13,4,9
seq9802,128.0,0,0,0
seq9806,119.0,13,11,2
seq9810,18.0,13,1,12
seq9811,114.0,13,11,2
seq9812,7.0,0,0,0
seq9813,98.0,13,9,4
seq9816,112.0,14,11,3
seq9832,88.0,0,0,0
seq9840,68.0,13,6,7
seq9847,18.0,13,1,12
seq9849,106.0,13,10,3
seq9850,86.0,13,8,5
seq9856,127.0,13,12,1
seq9860,6.0,0,0,0
seq9861,88.0,13,8,5
seq9863,106.0,0,0,0
seq9874,46.0,13,4,9
seq9880,11.0,14,1,13
seq9886,12.0,14,1,13
seq9891,45.0,0,0,0
seq9893,24.0,13,2,11
seq9895,143.0,0,0,0
seq9899,129.0,13,12,1
seq9903,46.0,13,4,9
seq9906,135.0,14,13,1
seq9907,65.0,0,0,0
seq9909,55.0,13,5,8
seq9921,69.0,13,6,7
seq9926,85.0,13,8,5
seq9929,13.0,14,1,13
seq9934,123.0,0,0,0
seq9937,40.0,14,4,10
seq9942,53.0,14,5,9
seq9944,92.0,14,9,5
seq9945,128.0,13,12,1
seq9946,115.0,13,11,2
seq9949,113.0,0,0,0
seq9950,24.0,0,0,0
seq9951,99.0,13,9,4
seq9952,121.0,14,12,2
seq9956,143.0,0,0,0
seq9957,19.0,13,1,12
seq9961,28.0,13,2,11
seq9972,123.0,14,12,2
seq9974,130.0,0,0,0
seq9977,118.0,0,0,0
seq9993,93.0,0,0,0
seq9996,43.0,14,4,10
seq9998,126.0,13,12,1
