id,position_of_motif_B,total_deletions_per_sequence,del_before_B,del_after_B
seq0001,132.0,14,13,1
seq0013,107.0,13,10,3
seq0023,123.0,0,0,0
seq0026,57.0,13,5,8
seq0028,65.0,0,0,0
seq0030,58.0,13,5,8
seq0034,142.0,15,14,1
seq0037,0.0,14,0,14
seq0038,4.0,14,1,13
seq0039,15.0,13,1,12
seq0044,42.0,14,4,10
seq0046,116.0,13,11,2
seq0047,102.0,14,10,4
seq0052,85.0,0,0,0
seq0058,125.0,13,12,1
seq0060,100.0,14,10,4
seq0068,21.0,0,0,0
seq0074,106.0,13,10,3
seq0075,24.0,0,0,0
seq0076,125.0,13,12,1
seq0081,104.0,13,10,3
seq0082,48.0,0,0,0
seq0085,14.0,0,0,0
seq0086,112.0,14,11,3
seq0087,127.0,13,12,1
seq0092,114.0,13,11,2
seq0093,14.0,13,1,12
seq0094,136.0,14,13,1
seq0096,63.0,0,0,0
seq0106,93.0,14,9,5
seq0122,7.0,0,0,0
seq0123,135.0,0,0,0
seq0128,43.0,14,4,10
seq0129,13.0,14,1,13
seq0135,37.0,0,0,0
seq0139,0.0,14,0,14
seq0143,71.0,14,7,7
seq0152,72.0,14,7,7
seq0160,45.0,0,0,0
seq0161,15.0,13,1,12
seq0165,56.0,13,5,8
seq0167,91.0,0,0,0
seq0168,49.0,0,0,0
seq0169,12.0,14,1,13
seq0185,20.0,14,2,12
seq0188,46.0,13,4,9
seq0194,11.0,14,1,13
seq0195,35.0,13,3,10
seq0220,126.0,13,12,1
seq0226,119.0,13,11,2
seq0227,117.0,13,11,2
seq0231,92.0,14,9,5
seq0236,143.0,14,14,0
seq0240,58.0,13,5,8
seq0249,47.0,13,4,9
seq0250,120.0,14,12,2
seq0252,77.0,0,0,0
seq0258,5.0,14,1,13
seq0267,113.0,14,11,3
seq0268,47.0,13,4,9
seq0269,134.0,14,13,1
seq0281,6.0,14,1,13
seq0282,107.0,13,10,3
seq0285,134.0,0,0,0
seq0290,43.0,14,4,10
seq0291,13.0,14,1,13
seq0294,50.0,14,5,9
seq0302,112.0,14,11,3
seq0304,58.0,13,5,8
seq0305,15.0,0,0,0
seq0310,63.0,14,6,8
seq0312,117.0,13,11,2
seq0316,28.0,13,2,11
seq0318,114.0,13,11,2
seq0319,12.0,14,1,13
seq0325,3.0,15,1,14
seq0328,3.0,15,1,14
seq0331,30.0,14,3,11
seq0333,34.0,0,0,0
seq0341,45.0,13,4,9
seq0342,18.0,13,1,12
seq0344,130.0,14,13,1
seq0345,63.0,14,6,8
seq0349,104.0,13,10,3
seq0350,120.0,14,12,2
seq0356,68.0,13,6,7
seq0364,135.0,14,13,1
seq0371,27.0,13,2,11
seq0374,28.0,13,2,11
seq0377,110.0,14,11,3
seq0383,143.0,14,14,0
seq0384,21.0,14,2,12
seq0389,70.0,14,7,7
seq0391,139.0,14,13,1
seq0400,129.0,0,0,0
seq0402,89.0,0,0,0
seq0407,87.0,13,8,5
seq0408,40.0,14,4,10
seq0411,49.0,13,4,9
seq0412,102.0,14,10,4
seq0417,94.0,13,9,4
seq0428,19.0,13,1,12
seq0430,98.0,13,9,4
seq0434,96.0,13,9,4
seq0438,8.0,0,0,0
seq0441,59.0,13,5,8
seq0443,22.0,14,2,12
seq0445,134.0,0,0,0
seq0446,44.0,13,4,9
seq0460,20.0,0,0,0
seq0463,141.0,0,0,0
seq0464,7.0,14,1,13
seq0473,74.0,13,7,6
seq0475,61.0,14,6,8
seq0478,77.0,13,7,6
seq0480,18.0,0,0,0
seq0482,105.0,13,10,3
seq0483,114.0,0,0,0
seq0486,103.0,14,10,4
seq0488,7.0,14,1,13
seq0492,7.0,14,1,13
seq0494,25.0,13,2,11
seq0500,123.0,14,12,2
seq0504,139.0,14,13,1
seq0508,59.0,0,0,0
seq0522,117.0,13,11,2
seq0531,15.0,13,1,12
seq0532,117.0,13,11,2
seq0548,99.0,13,9,4
seq0550,69.0,13,6,7
seq0552,58.0,13,5,8
seq0557,6.0,0,0,0
seq0558,15.0,0,0,0
seq0572,63.0,14,6,8
seq0577,78.0,0,0,0
seq0590,120.0,0,0,0
seq0591,55.0,0,0,0
seq0594,18.0,13,1,12
seq0597,105.0,0,0,0
seq0600,55.0,13,5,8
seq0606,23.0,14,2,12
seq0607,65.0,13,6,7
seq0608,89.0,13,8,5
seq0611,32.0,14,3,11
seq0614,100.0,14,10,4
seq0621,97.0,13,9,4
seq0624,85.0,13,8,5
seq0626,78.0,0,0,0
seq0633,108.0,13,10,3
seq0637,61.0,0,0,0
seq0648,30.0,14,3,11
seq0655,50.0,14,5,9
seq0665,78.0,13,7,6
seq0674,70.0,0,0,0
seq0676,50.0,14,5,9
seq0682,68.0,13,6,7
seq0688,75.0,0,0,0
seq0691,28.0,13,2,11
seq0693,133.0,0,0,0
seq0694,42.0,14,4,10
seq0695,20.0,14,2,12
seq0698,21.0,0,0,0
seq0700,45.0,13,4,9
seq0701,43.0,14,4,10
seq0706,35.0,13,3,10
seq0725,48.0,13,4,9
seq0730,40.0,14,4,10
seq0732,33.0,14,3,11
seq0739,127.0,13,12,1
seq0741,21.0,14,2,12
seq0742,139.0,0,0,0
seq0743,105.0,0,0,0
seq0757,91.0,14,9,5
seq0760,49.0,0,0,0
seq0761,124.0,0,0,0
seq0764,83.0,14,8,6
seq0771,131.0,14,13,1
seq0772,65.0,13,6,7
seq0779,79.0,13,7,6
seq0780,68.0,13,6,7
seq0785,102.0,0,0,0
seq0786,96.0,13,9,4
seq0788,56.0,13,5,8
seq0789,84.0,13,8,5
seq0794,132.0,14,13,1
seq0800,62.0,14,6,8
seq0802,30.0,0,0,0
seq0807,65.0,13,6,7
seq0812,78.0,13,7,6
seq0814,117.0,13,11,2
seq0815,42.0,14,4,10
seq0818,46.0,13,4,9
seq0822,140.0,15,14,1
seq0825,11.0,14,1,13
seq0827,98.0,13,9,4
seq0831,118.0,0,0,0
seq0833,139.0,14,13,1
seq0837,118.0,13,11,2
seq0839,57.0,13,5,8
seq0844,117.0,13,11,2
seq0847,112.0,14,11,3
seq0848,124.0,13,12,1
seq0851,51.0,14,5,9
seq0856,49.0,0,0,0
seq0858,26.0,13,2,11
seq0860,56.0,13,5,8
seq0863,35.0,13,3,10
seq0866,133.0,14,13,1
seq0871,53.0,14,5,9
seq0879,59.0,13,5,8
seq0883,83.0,14,8,6
seq0887,124.0,13,12,1
seq0892,83.0,14,8,6
seq0898,135.0,14,13,1
seq0905,86.0,13,8,5
seq0906,54.0,13,5,8
seq0907,89.0,13,8,5
seq0913,17.0,13,1,12
seq0915,81.0,0,0,0
seq0922,62.0,14,6,8
seq0923,102.0,14,10,4
seq0925,60.0,0,0,0
seq0930,64.0,13,6,7
seq0931,66.0,13,6,7
seq0934,55.0,13,5,8
seq0937,141.0,0,0,0
seq0940,26.0,13,2,11
seq0942,14.0,13,1,12
seq0948,81.0,14,8,6
seq0953,61.0,14,6,8
seq0963,12.0,0,0,0
seq0965,93.0,14,9,5
seq0979,135.0,14,13,1
seq0985,107.0,0,0,0
seq0987,143.0,0,0,0
seq0988,13.0,0,0,0
seq0994,32.0,14,3,11
seq0996,74.0,0,0,0
seq0998,110.0,14,11,3
seq0999,135.0,14,13,1
seq1000,85.0,0,0,0
seq1004,126.0,13,12,1
seq1010,44.0,13,4,9
seq1011,117.0,13,11,2
seq1025,126.0,0,0,0
seq1031,44.0,13,4,9
seq1033,6.0,14,1,13
seq1037,64.0,13,6,7
seq1041,55.0,13,5,8
seq1043,67.0,13,6,7
seq1047,138.0,14,13,1
seq1050,47.0,13,4,9
seq1051,101.0,14,10,4
seq1056,4.0,14,1,13
seq1066,37.0,13,3,10
seq1069,18.0,13,1,12
seq1075,143.0,14,14,0
seq1077,33.0,0,0,0
seq1078,107.0,13,10,3
seq1079,89.0,13,8,5
seq1085,12.0,14,1,13
seq1087,30.0,14,3,11
seq1088,100.0,14,10,4
seq1093,0.0,14,0,14
seq1094,54.0,13,5,8
seq1095,31.0,14,3,11
seq1096,45.0,13,4,9
seq1107,125.0,13,12,1
seq1110,88.0,0,0,0
seq1112,142.0,15,14,1
seq1120,45.0,13,4,9
seq1127,85.0,13,8,5
seq1129,29.0,13,2,11
seq1130,59.0,0,0,0
seq1132,129.0,0,0,0
seq1133,112.0,14,11,3
seq1134,80.0,14,8,6
seq1141,111.0,0,0,0
seq1142,143.0,0,0,0
seq1147,88.0,0,0,0
seq1150,8.0,14,1,13
seq1153,29.0,0,0,0
seq1155,58.0,13,5,8
seq1157,130.0,14,13,1
seq1158,98.0,13,9,4
seq1171,87.0,13,8,5
seq1174,80.0,14,8,6
seq1179,123.0,14,12,2
seq1199,55.0,13,5,8
seq1209,138.0,14,13,1
seq1212,95.0,13,9,4
seq1213,17.0,13,1,12
seq1216,33.0,14,3,11
seq1219,40.0,14,4,10
seq1221,6.0,14,1,13
seq1224,140.0,15,14,1
seq1230,12.0,0,0,0
seq1233,60.0,14,6,8
seq1234,27.0,13,2,11
seq1239,46.0,13,4,9
seq1242,87.0,13,8,5
seq1247,134.0,14,13,1
seq1248,76.0,13,7,6
seq1251,82.0,14,8,6
seq1252,81.0,14,8,6
seq1254,71.0,0,0,0
seq1255,6.0,14,1,13
seq1257,77.0,13,7,6
seq1258,120.0,0,0,0
seq1264,125.0,0,0,0
seq1265,15.0,13,1,12
seq1267,1.0,0,0,0
seq1272,90.0,0,0,0
seq1274,0.0,14,0,14
seq1276,46.0,13,4,9
seq1277,135.0,14,13,1
seq1280,35.0,13,3,10
seq1281,113.0,0,0,0
seq1283,76.0,13,7,6
seq1287,136.0,0,0,0
seq1288,137.0,0,0,0
seq1289,93.0,14,9,5
seq1297,126.0,13,12,1
seq1298,99.0,13,9,4
seq1310,136.0,0,0,0
seq1313,52.0,14,5,9
seq1314,60.0,14,6,8
seq1317,28.0,13,2,11
seq1322,61.0,14,6,8
seq1323,62.0,0,0,0
seq1330,35.0,13,3,10
seq1331,101.0,14,10,4
seq1333,23.0,14,2,12
seq1343,37.0,0,0,0
seq1344,43.0,14,4,10
seq1349,77.0,13,7,6
seq1354,81.0,14,8,6
seq1356,58.0,13,5,8
seq1359,120.0,14,12,2
seq1367,70.0,14,7,7
seq1375,94.0,13,9,4
seq1376,102.0,14,10,4
seq1379,97.0,0,0,0
seq1381,97.0,0,0,0
seq1383,74.0,13,7,6
seq1387,118.0,13,11,2
seq1390,127.0,13,12,1
seq1391,91.0,0,0,0
seq1398,121.0,14,12,2
seq1402,36.0,13,3,10
seq1404,117.0,0,0,0
seq1405,27.0,13,2,11
seq1406,113.0,14,11,3
seq1407,90.0,14,9,5
seq1409,3.0,15,1,14
seq1412,133.0,0,0,0
seq1414,76.0,13,7,6
seq1425,102.0,0,0,0
seq1426,88.0,13,8,5
seq1427,116.0,13,11,2
seq1428,59.0,13,5,8
seq1429,33.0,0,0,0
seq1430,95.0,13,9,4
seq1433,95.0,0,0,0
seq1437,63.0,0,0,0
seq1438,95.0,13,9,4
seq1440,89.0,13,8,5
seq1442,65.0,13,6,7
seq1450,73.0,14,7,7
seq1451,137.0,0,0,0
seq1454,21.0,14,2,12
seq1472,134.0,0,0,0
seq1473,121.0,14,12,2
seq1477,38.0,13,3,10
seq1487,137.0,14,13,1
seq1490,15.0,0,0,0
seq1491,25.0,13,2,11
seq1493,47.0,0,0,0
seq1498,105.0,13,10,3
seq1506,27.0,0,0,0
seq1515,125.0,13,12,1
seq1516,48.0,0,0,0
seq1517,34.0,13,3,10
seq1523,20.0,14,2,12
seq1524,0.0,14,0,14
seq1525,116.0,13,11,2
seq1530,116.0,13,11,2
seq1531,1.0,15,1,14
seq1532,127.0,13,12,1
seq1536,23.0,14,2,12
seq1540,135.0,14,13,1
seq1541,2.0,15,1,14
seq1542,46.0,13,4,9
seq1543,117.0,0,0,0
seq1544,134.0,14,13,1
seq1549,87.0,13,8,5
seq1550,63.0,0,0,0
seq1559,139.0,14,13,1
seq1563,22.0,14,2,12
seq1565,122.0,14,12,2
seq1566,83.0,0,0,0
seq1568,31.0,14,3,11
seq1570,31.0,14,3,11
seq1572,129.0,13,12,1
seq1577,111.0,0,0,0
seq1579,33.0,14,3,11
seq1580,143.0,0,0,0
seq1584,1.0,15,1,14
seq1589,123.0,14,12,2
seq1590,17.0,13,1,12
seq1592,26.0,0,0,0
seq1593,76.0,0,0,0
seq1594,118.0,13,11,2
seq1597,25.0,13,2,11
seq1603,21.0,14,2,12
seq1609,88.0,0,0,0
seq1617,33.0,0,0,0
seq1623,5.0,14,1,13
seq1627,48.0,0,0,0
seq1647,53.0,14,5,9
seq1659,92.0,14,9,5
seq1660,63.0,14,6,8
seq1661,106.0,13,10,3
seq1662,29.0,0,0,0
seq1663,124.0,0,0,0
seq1669,52.0,0,0,0
seq1672,129.0,13,12,1
seq1679,131.0,14,13,1
seq1682,102.0,14,10,4
seq1686,62.0,14,6,8
seq1692,71.0,14,7,7
seq1695,78.0,13,7,6
seq1699,76.0,13,7,6
seq1704,40.0,14,4,10
seq1706,50.0,14,5,9
seq1707,108.0,0,0,0
seq1719,2.0,15,1,14
seq1723,112.0,14,11,3
seq1726,96.0,13,9,4
seq1727,82.0,0,0,0
seq1730,101.0,0,0,0
seq1732,77.0,0,0,0
seq1738,93.0,14,9,5
seq1745,80.0,14,8,6
seq1746,118.0,0,0,0
seq1749,88.0,13,8,5
seq1751,56.0,13,5,8
seq1754,36.0,0,0,0
seq1756,111.0,0,0,0
seq1758,13.0,0,0,0
seq1759,86.0,13,8,5
seq1760,115.0,13,11,2
seq1771,27.0,13,2,11
seq1772,71.0,14,7,7
seq1781,36.0,13,3,10
seq1783,12.0,14,1,13
seq1784,6.0,14,1,13
seq1786,46.0,0,0,0
seq1788,111.0,14,11,3
seq1805,54.0,13,5,8
seq1813,64.0,0,0,0
seq1814,12.0,14,1,13
seq1815,11.0,14,1,13
seq1819,81.0,0,0,0
seq1822,125.0,0,0,0
seq1824,55.0,13,5,8
seq1827,76.0,13,7,6
seq1833,41.0,14,4,10
seq1835,62.0,14,6,8
seq1839,28.0,13,2,11
seq1840,100.0,14,10,4
seq1841,51.0,14,5,9
seq1842,68.0,13,6,7
seq1845,98.0,13,9,4
seq1846,42.0,14,4,10
seq1852,67.0,13,6,7
seq1854,55.0,13,5,8
seq1861,101.0,0,0,0
seq1862,119.0,13,11,2
seq1864,123.0,14,12,2
seq1869,17.0,0,0,0
seq1873,120.0,0,0,0
seq1874,70.0,14,7,7
seq1880,114.0,0,0,0
seq1885,58.0,13,5,8
seq1897,21.0,14,2,12
seq1898,78.0,0,0,0
seq1899,66.0,13,6,7
seq1900,7.0,14,1,13
seq1905,26.0,13,2,11
seq1914,68.0,13,6,7
seq1920,41.0,14,4,10
seq1921,137.0,14,13,1
seq1926,85.0,0,0,0
seq1927,29.0,13,2,11
seq1931,36.0,0,0,0
seq1947,9.0,0,0,0
seq1949,76.0,13,7,6
seq1950,0.0,14,0,14
seq1953,110.0,14,11,3
seq1956,133.0,14,13,1
seq1957,6.0,14,1,13
seq1961,71.0,14,7,7
seq1963,63.0,14,6,8
seq1965,118.0,13,11,2
seq1973,131.0,14,13,1
seq1981,16.0,13,1,12
seq1983,4.0,14,1,13
seq1986,87.0,13,8,5
seq1988,113.0,14,11,3
seq1990,108.0,13,10,3
seq1996,135.0,0,0,0
seq1999,115.0,13,11,2
seq2000,129.0,13,12,1
seq2018,138.0,0,0,0
seq2020,36.0,13,3,10
seq2021,37.0,0,0,0
seq2029,89.0,13,8,5
seq2041,84.0,0,0,0
seq2043,12.0,14,1,13
seq2045,123.0,0,0,0
seq2046,121.0,0,0,0
seq2048,58.0,13,5,8
seq2057,85.0,13,8,5
seq2064,64.0,13,6,7
seq2068,115.0,13,11,2
seq2069,111.0,14,11,3
seq2075,1.0,15,1,14
seq2078,56.0,0,0,0
seq2089,31.0,14,3,11
seq2093,119.0,13,11,2
seq2094,35.0,13,3,10
seq2098,22.0,0,0,0
seq2099,116.0,13,11,2
seq2111,55.0,13,5,8
seq2123,20.0,14,2,12
seq2125,48.0,0,0,0
seq2126,26.0,0,0,0
seq2127,92.0,14,9,5
seq2137,45.0,0,0,0
seq2142,38.0,13,3,10
seq2148,117.0,13,11,2
seq2150,140.0,0,0,0
seq2151,129.0,13,12,1
seq2156,1.0,15,1,14
seq2161,119.0,13,11,2
seq2170,136.0,0,0,0
seq2172,9.0,14,1,13
seq2178,75.0,0,0,0
seq2182,67.0,13,6,7
seq2186,57.0,13,5,8
seq2191,6.0,0,0,0
seq2193,35.0,13,3,10
seq2194,45.0,13,4,9
seq2195,26.0,0,0,0
seq2212,65.0,13,6,7
seq2213,14.0,13,1,12
seq2217,50.0,14,5,9
seq2224,124.0,13,12,1
seq2229,68.0,0,0,0
seq2231,133.0,0,0,0
seq2233,120.0,14,12,2
seq2241,95.0,13,9,4
seq2242,37.0,13,3,10
seq2243,136.0,14,13,1
seq2245,53.0,0,0,0
seq2247,2.0,15,1,14
seq2249,36.0,13,3,10
seq2253,122.0,0,0,0
seq2262,118.0,13,11,2
seq2266,19.0,13,1,12
seq2284,62.0,14,6,8
seq2288,37.0,13,3,10
seq2295,113.0,14,11,3
seq2301,80.0,14,8,6
seq2308,99.0,13,9,4
seq2319,74.0,13,7,6
seq2322,136.0,14,13,1
seq2328,118.0,13,11,2
seq2332,65.0,13,6,7
seq2333,76.0,13,7,6
seq2335,129.0,13,12,1
seq2336,112.0,14,11,3
seq2343,112.0,14,11,3
seq2345,139.0,14,13,1
seq2351,79.0,0,0,0
seq2355,140.0,15,14,1
seq2359,61.0,0,0,0
seq2361,71.0,14,7,7
seq2364,13.0,14,1,13
seq2365,50.0,14,5,9
seq2373,30.0,14,3,11
seq2374,95.0,13,9,4
seq2376,133.0,14,13,1
seq2377,10.0,14,1,13
seq2383,110.0,0,0,0
seq2384,135.0,14,13,1
seq2388,124.0,13,12,1
seq2389,13.0,14,1,13
seq2394,19.0,0,0,0
seq2399,134.0,14,13,1
seq2401,56.0,0,0,0
seq2402,111.0,14,11,3
seq2406,103.0,14,10,4
seq2407,130.0,14,13,1
seq2410,96.0,0,0,0
seq2413,88.0,13,8,5
seq2414,57.0,13,5,8
seq2421,128.0,13,12,1
seq2434,136.0,14,13,1
seq2439,14.0,0,0,0
seq2442,86.0,13,8,5
seq2444,74.0,13,7,6
seq2450,50.0,14,5,9
seq2457,138.0,14,13,1
seq2461,132.0,0,0,0
seq2462,41.0,14,4,10
seq2464,51.0,0,0,0
seq2465,21.0,14,2,12
seq2467,4.0,14,1,13
seq2468,26.0,13,2,11
seq2477,53.0,14,5,9
seq2483,35.0,13,3,10
seq2484,76.0,0,0,0
seq2492,138.0,14,13,1
seq2511,87.0,13,8,5
seq2513,122.0,14,12,2
seq2516,93.0,14,9,5
seq2517,102.0,14,10,4
seq2526,77.0,0,0,0
seq2527,139.0,0,0,0
seq2530,65.0,13,6,7
seq2531,101.0,14,10,4
seq2538,58.0,0,0,0
seq2543,104.0,13,10,3
seq2547,116.0,13,11,2
seq2548,137.0,14,13,1
seq2557,137.0,14,13,1
seq2559,33.0,0,0,0
seq2565,129.0,13,12,1
seq2572,10.0,14,1,13
seq2577,78.0,13,7,6
seq2581,79.0,13,7,6
seq2586,62.0,0,0,0
seq2594,72.0,0,0,0
seq2620,3.0,0,0,0
seq2621,22.0,0,0,0
seq2625,128.0,13,12,1
seq2626,59.0,13,5,8
seq2633,40.0,14,4,10
seq2635,17.0,0,0,0
seq2638,126.0,13,12,1
seq2642,117.0,13,11,2
seq2648,99.0,13,9,4
seq2656,11.0,14,1,13
seq2659,82.0,14,8,6
seq2661,60.0,0,0,0
seq2663,106.0,0,0,0
seq2664,8.0,0,0,0
seq2666,108.0,13,10,3
seq2672,61.0,0,0,0
seq2674,67.0,13,6,7
seq2680,32.0,14,3,11
seq2685,124.0,13,12,1
seq2688,40.0,0,0,0
seq2700,108.0,13,10,3
seq2708,124.0,13,12,1
seq2719,24.0,13,2,11
seq2725,45.0,13,4,9
seq2726,138.0,14,13,1
seq2731,72.0,14,7,7
seq2740,70.0,14,7,7
seq2750,129.0,0,0,0
seq2755,79.0,13,7,6
seq2756,19.0,13,1,12
seq2760,79.0,0,0,0
seq2761,70.0,14,7,7
seq2763,88.0,13,8,5
seq2769,122.0,14,12,2
seq2778,11.0,14,1,13
seq2786,59.0,13,5,8
seq2789,112.0,14,11,3
seq2792,29.0,13,2,11
seq2806,89.0,0,0,0
seq2821,106.0,13,10,3
seq2822,40.0,14,4,10
seq2826,111.0,0,0,0
seq2828,57.0,13,5,8
seq2835,101.0,14,10,4
seq2840,13.0,14,1,13
seq2843,86.0,13,8,5
seq2854,102.0,14,10,4
seq2855,113.0,14,11,3
seq2865,141.0,15,14,1
seq2870,140.0,15,14,1
seq2872,85.0,13,8,5
seq2881,13.0,0,0,0
seq2883,64.0,13,6,7
seq2885,108.0,13,10,3
seq2896,121.0,0,0,0
seq2898,39.0,0,0,0
seq2900,107.0,0,0,0
seq2902,14.0,13,1,12
seq2905,3.0,15,1,14
seq2906,27.0,0,0,0
seq2907,2.0,15,1,14
seq2910,139.0,14,13,1
seq2911,85.0,13,8,5
seq2912,21.0,0,0,0
seq2915,36.0,13,3,10
seq2922,66.0,13,6,7
seq2924,43.0,14,4,10
seq2926,66.0,13,6,7
seq2936,2.0,15,1,14
seq2938,125.0,0,0,0
seq2944,47.0,0,0,0
seq2952,60.0,14,6,8
seq2954,112.0,14,11,3
seq2956,113.0,14,11,3
seq2957,69.0,0,0,0
seq2960,105.0,13,10,3
seq2967,92.0,0,0,0
seq2993,24.0,13,2,11
seq2997,75.0,0,0,0
seq3001,95.0,13,9,4
seq3006,53.0,14,5,9
seq3008,120.0,14,12,2
seq3009,3.0,15,1,14
seq3019,8.0,14,1,13
seq3021,96.0,13,9,4
seq3040,108.0,13,10,3
seq3043,138.0,0,0,0
seq3046,53.0,14,5,9
seq3051,28.0,0,0,0
seq3053,137.0,14,13,1
seq3054,84.0,13,8,5
seq3057,127.0,13,12,1
seq3058,69.0,0,0,0
seq3075,7.0,14,1,13
seq3077,78.0,13,7,6
seq3078,43.0,14,4,10
seq3080,77.0,13,7,6
seq3085,133.0,14,13,1
seq3086,46.0,13,4,9
seq3091,13.0,14,1,13
seq3095,29.0,13,2,11
seq3096,37.0,13,3,10
seq3097,28.0,13,2,11
seq3098,65.0,13,6,7
seq3103,3.0,15,1,14
seq3111,43.0,14,4,10
seq3122,61.0,14,6,8
seq3123,139.0,14,13,1
seq3127,137.0,14,13,1
seq3129,7.0,14,1,13
seq3137,54.0,13,5,8
seq3141,137.0,14,13,1
seq3155,122.0,14,12,2
seq3173,46.0,13,4,9
seq3175,138.0,0,0,0
seq3183,56.0,0,0,0
seq3188,90.0,14,9,5
seq3189,141.0,15,14,1
seq3193,127.0,13,12,1
seq3197,86.0,13,8,5
seq3198,94.0,13,9,4
seq3203,118.0,13,11,2
seq3204,102.0,0,0,0
seq3207,65.0,13,6,7
seq3208,129.0,13,12,1
seq3210,67.0,13,6,7
seq3217,56.0,13,5,8
seq3220,135.0,14,13,1
seq3229,72.0,14,7,7
seq3237,127.0,13,12,1
seq3241,109.0,13,10,3
seq3246,60.0,14,6,8
seq3252,124.0,13,12,1
seq3253,47.0,13,4,9
seq3256,33.0,14,3,11
seq3258,69.0,0,0,0
seq3265,128.0,13,12,1
seq3268,95.0,13,9,4
seq3269,36.0,0,0,0
seq3274,134.0,14,13,1
seq3275,10.0,14,1,13
seq3281,20.0,0,0,0
seq3287,69.0,13,6,7
seq3291,93.0,0,0,0
seq3293,61.0,14,6,8
seq3300,54.0,13,5,8
seq3303,139.0,14,13,1
seq3304,30.0,0,0,0
seq3317,81.0,14,8,6
seq3318,94.0,13,9,4
seq3322,23.0,14,2,12
seq3323,36.0,13,3,10
seq3326,55.0,0,0,0
seq3327,77.0,13,7,6
seq3336,34.0,13,3,10
seq3340,116.0,13,11,2
seq3341,131.0,0,0,0
seq3344,92.0,0,0,0
seq3347,115.0,0,0,0
seq3354,29.0,13,2,11
seq3358,28.0,13,2,11
seq3364,55.0,13,5,8
seq3365,23.0,0,0,0
seq3374,41.0,14,4,10
seq3376,5.0,0,0,0
seq3377,139.0,14,13,1
seq3384,32.0,14,3,11
seq3390,31.0,0,0,0
seq3394,50.0,14,5,9
seq3406,2.0,0,0,0
seq3414,32.0,14,3,11
seq3415,62.0,0,0,0
seq3416,91.0,14,9,5
seq3417,29.0,13,2,11
seq3421,138.0,14,13,1
seq3422,49.0,13,4,9
seq3427,74.0,13,7,6
seq3428,34.0,13,3,10
seq3430,46.0,13,4,9
seq3434,47.0,13,4,9
seq3438,63.0,14,6,8
seq3441,137.0,14,13,1
seq3445,62.0,14,6,8
seq3446,140.0,0,0,0
seq3447,49.0,0,0,0
seq3455,120.0,14,12,2
seq3462,37.0,13,3,10
seq3465,66.0,13,6,7
seq3468,79.0,13,7,6
seq3481,1.0,15,1,14
seq3488,79.0,13,7,6
seq3489,129.0,0,0,0
seq3490,56.0,13,5,8
seq3494,14.0,13,1,12
seq3497,3.0,0,0,0
seq3502,91.0,14,9,5
seq3504,41.0,0,0,0
seq3510,49.0,0,0,0
seq3511,54.0,13,5,8
seq3514,45.0,13,4,9
seq3520,112.0,0,0,0
seq3521,112.0,14,11,3
seq3526,36.0,13,3,10
seq3528,34.0,13,3,10
seq3531,95.0,13,9,4
seq3533,15.0,0,0,0
seq3534,19.0,13,1,12
seq3539,139.0,14,13,1
seq3541,17.0,13,1,12
seq3546,61.0,14,6,8
seq3551,62.0,14,6,8
seq3554,130.0,14,13,1
seq3556,29.0,13,2,11
seq3557,64.0,13,6,7
seq3559,134.0,0,0,0
seq3562,95.0,0,0,0
seq3571,28.0,0,0,0
seq3572,76.0,0,0,0
seq3573,37.0,13,3,10
seq3575,128.0,13,12,1
seq3581,49.0,0,0,0
seq3582,91.0,14,9,5
seq3589,6.0,0,0,0
seq3592,13.0,14,1,13
seq3594,131.0,0,0,0
seq3604,126.0,0,0,0
seq3607,112.0,0,0,0
seq3608,36.0,13,3,10
seq3609,10.0,14,1,13
seq3612,137.0,0,0,0
seq3620,42.0,14,4,10
seq3626,87.0,13,8,5
seq3631,134.0,14,13,1
seq3635,44.0,0,0,0
seq3642,100.0,14,10,4
seq3644,49.0,13,4,9
seq3647,7.0,14,1,13
seq3652,120.0,14,12,2
seq3653,126.0,0,0,0
seq3654,8.0,14,1,13
seq3671,136.0,0,0,0
seq3672,37.0,13,3,10
seq3684,20.0,0,0,0
seq3685,121.0,14,12,2
seq3687,57.0,0,0,0
seq3693,57.0,13,5,8
seq3722,60.0,14,6,8
seq3723,74.0,13,7,6
seq3726,100.0,14,10,4
seq3729,89.0,13,8,5
seq3731,55.0,13,5,8
seq3733,58.0,0,0,0
seq3735,125.0,13,12,1
seq3738,3.0,15,1,14
seq3739,86.0,0,0,0
seq3743,48.0,13,4,9
seq3745,62.0,14,6,8
seq3753,108.0,13,10,3
seq3757,104.0,13,10,3
seq3762,138.0,14,13,1
seq3763,124.0,13,12,1
seq3770,29.0,13,2,11
seq3777,115.0,13,11,2
seq3780,3.0,15,1,14
seq3782,63.0,14,6,8
seq3783,88.0,13,8,5
seq3786,98.0,13,9,4
seq3787,54.0,0,0,0
seq3788,58.0,13,5,8
seq3789,106.0,0,0,0
seq3791,30.0,14,3,11
seq3794,42.0,14,4,10
seq3798,102.0,14,10,4
seq3800,12.0,14,1,13
seq3802,56.0,13,5,8
seq3804,142.0,0,0,0
seq3814,113.0,14,11,3
seq3825,129.0,13,12,1
seq3827,136.0,0,0,0
seq3833,64.0,0,0,0
seq3846,36.0,0,0,0
seq3849,28.0,13,2,11
seq3853,22.0,0,0,0
seq3854,67.0,13,6,7
seq3859,22.0,14,2,12
seq3860,117.0,13,11,2
seq3862,129.0,13,12,1
seq3863,75.0,13,7,6
seq3865,24.0,13,2,11
seq3871,16.0,13,1,12
seq3881,72.0,0,0,0
seq3886,28.0,0,0,0
seq3889,128.0,13,12,1
seq3892,4.0,0,0,0
seq3895,81.0,0,0,0
seq3897,19.0,13,1,12
seq3899,29.0,13,2,11
seq3906,31.0,0,0,0
seq3908,117.0,0,0,0
seq3910,40.0,14,4,10
seq3911,121.0,14,12,2
seq3918,35.0,13,3,10
seq3920,103.0,14,10,4
seq3927,64.0,13,6,7
seq3930,40.0,14,4,10
seq3937,45.0,13,4,9
seq3938,80.0,14,8,6
seq3943,73.0,14,7,7
seq3945,54.0,13,5,8
seq3946,103.0,14,10,4
seq3952,17.0,13,1,12
seq3953,113.0,14,11,3
seq3954,28.0,13,2,11
seq3956,129.0,0,0,0
seq3957,26.0,13,2,11
seq3959,102.0,14,10,4
seq3961,121.0,14,12,2
seq3962,143.0,14,14,0
seq3963,66.0,13,6,7
seq3964,131.0,0,0,0
seq3976,43.0,14,4,10
seq3977,48.0,0,0,0
seq3987,36.0,0,0,0
seq3994,130.0,14,13,1
seq3997,28.0,13,2,11
seq4001,114.0,13,11,2
seq4004,54.0,0,0,0
seq4005,37.0,13,3,10
seq4007,51.0,0,0,0
seq4009,68.0,13,6,7
seq4013,90.0,14,9,5
seq4019,8.0,0,0,0
seq4023,29.0,0,0,0
seq4032,9.0,14,1,13
seq4035,51.0,14,5,9
seq4039,91.0,0,0,0
seq4049,123.0,14,12,2
seq4051,84.0,13,8,5
seq4054,16.0,13,1,12
seq4056,135.0,0,0,0
seq4061,78.0,13,7,6
seq4062,133.0,0,0,0
seq4066,100.0,14,10,4
seq4069,52.0,14,5,9
seq4073,93.0,14,9,5
seq4074,85.0,13,8,5
seq4085,13.0,0,0,0
seq4092,47.0,0,0,0
seq4104,10.0,14,1,13
seq4107,44.0,13,4,9
seq4115,59.0,0,0,0
seq4120,55.0,0,0,0
seq4122,123.0,14,12,2
seq4127,42.0,14,4,10
seq4128,79.0,0,0,0
seq4133,101.0,0,0,0
seq4135,10.0,14,1,13
seq4143,68.0,13,6,7
seq4144,79.0,13,7,6
seq4152,64.0,0,0,0
seq4153,115.0,13,11,2
seq4154,24.0,0,0,0
seq4169,34.0,13,3,10
seq4176,46.0,13,4,9
seq4181,95.0,13,9,4
seq4188,129.0,13,12,1
seq4189,80.0,0,0,0
seq4190,20.0,14,2,12
seq4194,69.0,0,0,0
seq4196,60.0,0,0,0
seq4197,81.0,0,0,0
seq4199,14.0,13,1,12
seq4204,44.0,0,0,0
seq4206,118.0,13,11,2
seq4214,91.0,14,9,5
seq4218,86.0,13,8,5
seq4223,80.0,14,8,6
seq4226,131.0,0,0,0
seq4230,40.0,14,4,10
seq4234,118.0,0,0,0
seq4235,41.0,0,0,0
seq4236,89.0,13,8,5
seq4239,100.0,0,0,0
seq4249,87.0,13,8,5
seq4250,74.0,13,7,6
seq4254,50.0,14,5,9
seq4257,58.0,0,0,0
seq4258,118.0,13,11,2
seq4259,142.0,15,14,1
seq4260,36.0,13,3,10
seq4261,87.0,13,8,5
seq4263,134.0,14,13,1
seq4265,36.0,0,0,0
seq4269,81.0,14,8,6
seq4270,63.0,0,0,0
seq4281,121.0,14,12,2
seq4285,50.0,14,5,9
seq4287,11.0,14,1,13
seq4288,42.0,14,4,10
seq4290,25.0,13,2,11
seq4291,95.0,13,9,4
seq4297,11.0,14,1,13
seq4300,63.0,0,0,0
seq4301,33.0,14,3,11
seq4303,46.0,13,4,9
seq4307,48.0,13,4,9
seq4309,34.0,13,3,10
seq4320,64.0,0,0,0
seq4322,123.0,14,12,2
seq4338,35.0,0,0,0
seq4340,71.0,14,7,7
seq4346,98.0,13,9,4
seq4347,42.0,14,4,10
seq4349,140.0,15,14,1
seq4362,44.0,0,0,0
seq4377,86.0,13,8,5
seq4380,5.0,14,1,13
seq4381,126.0,13,12,1
seq4383,67.0,13,6,7
seq4385,135.0,14,13,1
seq4390,124.0,13,12,1
seq4398,32.0,0,0,0
seq4400,16.0,13,1,12
seq4402,110.0,14,11,3
seq4404,29.0,13,2,11
seq4407,111.0,14,11,3
seq4408,100.0,14,10,4
seq4410,51.0,0,0,0
seq4411,15.0,13,1,12
seq4413,118.0,13,11,2
seq4415,8.0,0,0,0
seq4422,119.0,0,0,0
seq4424,30.0,14,3,11
seq4431,103.0,14,10,4
seq4434,45.0,0,0,0
seq4436,82.0,14,8,6
seq4442,86.0,13,8,5
seq4446,50.0,14,5,9
seq4447,108.0,13,10,3
seq4451,47.0,13,4,9
seq4455,17.0,13,1,12
seq4457,8.0,14,1,13
seq4471,114.0,13,11,2
seq4477,139.0,14,13,1
seq4492,20.0,0,0,0
seq4499,104.0,13,10,3
seq4501,43.0,14,4,10
seq4502,81.0,14,8,6
seq4504,123.0,14,12,2
seq4506,109.0,0,0,0
seq4515,121.0,14,12,2
seq4516,66.0,13,6,7
seq4518,67.0,13,6,7
seq4520,130.0,14,13,1
seq4522,134.0,0,0,0
seq4524,20.0,14,2,12
seq4531,143.0,0,0,0
seq4533,88.0,0,0,0
seq4534,2.0,15,1,14
seq4542,103.0,14,10,4
seq4549,92.0,14,9,5
seq4559,113.0,14,11,3
seq4563,33.0,14,3,11
seq4564,101.0,14,10,4
seq4568,119.0,13,11,2
seq4576,44.0,0,0,0
seq4577,142.0,15,14,1
seq4580,90.0,14,9,5
seq4589,133.0,14,13,1
seq4591,58.0,13,5,8
seq4594,125.0,13,12,1
seq4597,126.0,13,12,1
seq4605,42.0,0,0,0
seq4606,15.0,13,1,12
seq4607,139.0,14,13,1
seq4612,15.0,0,0,0
seq4617,107.0,13,10,3
seq4619,100.0,14,10,4
seq4623,143.0,14,14,0
seq4625,75.0,13,7,6
seq4629,110.0,0,0,0
seq4631,45.0,13,4,9
seq4633,81.0,14,8,6
seq4637,131.0,14,13,1
seq4650,96.0,13,9,4
seq4651,127.0,13,12,1
seq4653,121.0,14,12,2
seq4660,57.0,13,5,8
seq4662,97.0,0,0,0
seq4670,83.0,14,8,6
seq4672,11.0,14,1,13
seq4675,131.0,14,13,1
seq4677,20.0,14,2,12
seq4688,118.0,13,11,2
seq4692,117.0,13,11,2
seq4694,2.0,0,0,0
seq4695,77.0,13,7,6
seq4705,107.0,13,10,3
seq4716,101.0,14,10,4
seq4718,64.0,13,6,7
seq4720,107.0,13,10,3
seq4723,105.0,13,10,3
seq4724,131.0,0,0,0
seq4725,75.0,0,0,0
seq4727,106.0,0,0,0
seq4733,48.0,13,4,9
seq4743,107.0,13,10,3
seq4745,128.0,0,0,0
seq4753,134.0,14,13,1
seq4762,8.0,14,1,13
seq4764,0.0,14,0,14
seq4766,5.0,14,1,13
seq4770,124.0,0,0,0
seq4775,103.0,14,10,4
seq4776,131.0,14,13,1
seq4779,20.0,0,0,0
seq4781,65.0,13,6,7
seq4783,36.0,13,3,10
seq4784,70.0,0,0,0
seq4785,77.0,13,7,6
seq4786,14.0,0,0,0
seq4787,38.0,0,0,0
seq4794,100.0,14,10,4
seq4798,51.0,14,5,9
seq4804,72.0,14,7,7
seq4808,114.0,0,0,0
seq4814,35.0,13,3,10
seq4819,20.0,14,2,12
seq4820,136.0,14,13,1
seq4823,63.0,14,6,8
seq4825,87.0,0,0,0
seq4827,64.0,13,6,7
seq4828,127.0,13,12,1
seq4830,89.0,0,0,0
seq4835,2.0,0,0,0
seq4840,92.0,14,9,5
seq4843,66.0,13,6,7
seq4845,63.0,14,6,8
seq4846,116.0,0,0,0
seq4847,38.0,13,3,10
seq4851,123.0,14,12,2
seq4852,134.0,14,13,1
seq4855,119.0,13,11,2
seq4864,89.0,13,8,5
seq4873,70.0,0,0,0
seq4878,102.0,14,10,4
seq4880,91.0,14,9,5
seq4882,3.0,15,1,14
seq4883,50.0,14,5,9
seq4886,6.0,14,1,13
seq4889,93.0,0,0,0
seq4893,21.0,0,0,0
seq4899,104.0,13,10,3
seq4907,22.0,0,0,0
seq4910,79.0,13,7,6
seq4921,1.0,15,1,14
seq4922,57.0,0,0,0
seq4927,71.0,14,7,7
seq4928,143.0,0,0,0
seq4931,41.0,14,4,10
seq4932,106.0,13,10,3
seq4948,108.0,0,0,0
seq4950,26.0,13,2,11
seq4951,103.0,14,10,4
seq4952,105.0,13,10,3
seq4955,40.0,0,0,0
seq4959,75.0,13,7,6
seq4966,136.0,14,13,1
seq4974,108.0,0,0,0
seq4978,23.0,14,2,12
seq4981,98.0,0,0,0
seq4983,135.0,0,0,0
seq4986,89.0,13,8,5
seq4990,121.0,14,12,2
seq4998,102.0,14,10,4
seq4999,75.0,13,7,6
seq5004,141.0,15,14,1
seq5009,81.0,0,0,0
seq5013,55.0,13,5,8
seq5014,49.0,13,4,9
seq5016,139.0,14,13,1
seq5023,55.0,13,5,8
seq5030,62.0,14,6,8
seq5043,103.0,14,10,4
seq5053,131.0,14,13,1
seq5056,85.0,0,0,0
seq5057,79.0,13,7,6
seq5062,48.0,13,4,9
seq5070,52.0,14,5,9
seq5071,41.0,14,4,10
seq5074,100.0,14,10,4
seq5079,10.0,14,1,13
seq5086,108.0,13,10,3
seq5089,58.0,0,0,0
seq5091,100.0,14,10,4
seq5092,19.0,13,1,12
seq5097,141.0,15,14,1
seq5098,35.0,13,3,10
seq5103,3.0,15,1,14
seq5105,40.0,14,4,10
seq5110,87.0,0,0,0
seq5111,142.0,15,14,1
seq5117,93.0,14,9,5
seq5120,80.0,14,8,6
seq5123,14.0,13,1,12
seq5127,110.0,0,0,0
seq5128,112.0,14,11,3
seq5133,52.0,14,5,9
seq5135,69.0,0,0,0
seq5139,67.0,13,6,7
seq5140,113.0,14,11,3
seq5141,3.0,15,1,14
seq5159,44.0,13,4,9
seq5164,132.0,0,0,0
seq5166,96.0,13,9,4
seq5173,109.0,13,10,3
seq5175,75.0,0,0,0
seq5180,130.0,0,0,0
seq5186,106.0,13,10,3
seq5187,141.0,15,14,1
seq5191,42.0,14,4,10
seq5193,47.0,13,4,9
seq5194,136.0,14,13,1
seq5195,101.0,14,10,4
seq5197,31.0,14,3,11
seq5201,100.0,14,10,4
seq5209,82.0,0,0,0
seq5217,39.0,13,3,10
seq5220,101.0,0,0,0
seq5223,47.0,13,4,9
seq5230,71.0,14,7,7
seq5231,77.0,13,7,6
seq5233,19.0,0,0,0
seq5237,13.0,14,1,13
seq5238,91.0,14,9,5
seq5243,130.0,0,0,0
seq5247,102.0,14,10,4
seq5252,69.0,13,6,7
seq5256,15.0,13,1,12
seq5257,28.0,13,2,11
seq5265,101.0,0,0,0
seq5266,130.0,14,13,1
seq5268,64.0,13,6,7
seq5271,138.0,0,0,0
seq5278,70.0,14,7,7
seq5286,120.0,14,12,2
seq5288,27.0,0,0,0
seq5290,103.0,14,10,4
seq5301,14.0,13,1,12
seq5302,1.0,15,1,14
seq5305,124.0,13,12,1
seq5306,22.0,14,2,12
seq5315,131.0,14,13,1
seq5317,20.0,14,2,12
seq5326,127.0,13,12,1
seq5327,37.0,13,3,10
seq5328,70.0,14,7,7
seq5331,66.0,13,6,7
seq5334,47.0,0,0,0
seq5337,11.0,14,1,13
seq5343,33.0,14,3,11
seq5351,59.0,0,0,0
seq5354,106.0,13,10,3
seq5358,5.0,14,1,13
seq5361,123.0,14,12,2
seq5365,123.0,14,12,2
seq5367,83.0,0,0,0
seq5373,8.0,14,1,13
seq5374,27.0,13,2,11
seq5383,36.0,0,0,0
seq5386,117.0,13,11,2
seq5387,40.0,0,0,0
seq5389,128.0,13,12,1
seq5394,96.0,13,9,4
seq5397,25.0,0,0,0
seq5400,40.0,14,4,10
seq5415,127.0,0,0,0
seq5422,133.0,14,13,1
seq5423,110.0,14,11,3
seq5424,38.0,13,3,10
seq5425,35.0,0,0,0
seq5429,129.0,0,0,0
seq5431,119.0,0,0,0
seq5439,29.0,13,2,11
seq5442,46.0,13,4,9
seq5449,114.0,13,11,2
seq5456,37.0,13,3,10
seq5466,111.0,14,11,3
seq5470,81.0,14,8,6
seq5476,88.0,13,8,5
seq5477,78.0,0,0,0
seq5482,49.0,13,4,9
seq5485,132.0,0,0,0
seq5486,44.0,13,4,9
seq5491,43.0,0,0,0
seq5495,89.0,0,0,0
seq5498,9.0,14,1,13
seq5502,104.0,13,10,3
seq5518,129.0,0,0,0
seq5520,23.0,14,2,12
seq5522,133.0,14,13,1
seq5524,82.0,14,8,6
seq5526,49.0,0,0,0
seq5530,16.0,13,1,12
seq5536,93.0,0,0,0
seq5545,127.0,13,12,1
seq5548,94.0,13,9,4
seq5549,61.0,14,6,8
seq5550,102.0,0,0,0
seq5552,73.0,14,7,7
seq5571,111.0,0,0,0
seq5572,108.0,13,10,3
seq5574,52.0,14,5,9
seq5579,5.0,14,1,13
seq5582,5.0,14,1,13
seq5585,61.0,14,6,8
seq5589,80.0,14,8,6
seq5590,29.0,13,2,11
seq5595,59.0,13,5,8
seq5599,77.0,0,0,0
seq5600,60.0,14,6,8
seq5604,121.0,0,0,0
seq5607,7.0,14,1,13
seq5621,132.0,14,13,1
seq5625,71.0,0,0,0
seq5628,89.0,13,8,5
seq5634,143.0,14,14,0
seq5639,129.0,13,12,1
seq5646,101.0,0,0,0
seq5649,109.0,13,10,3
seq5650,77.0,0,0,0
seq5651,68.0,13,6,7
seq5656,4.0,14,1,13
seq5659,135.0,14,13,1
seq5665,122.0,14,12,2
seq5666,36.0,13,3,10
seq5670,108.0,13,10,3
seq5674,92.0,14,9,5
seq5678,90.0,14,9,5
seq5683,122.0,14,12,2
seq5694,68.0,13,6,7
seq5695,22.0,0,0,0
seq5696,58.0,13,5,8
seq5701,87.0,13,8,5
seq5703,34.0,13,3,10
seq5708,55.0,13,5,8
seq5711,61.0,14,6,8
seq5712,31.0,0,0,0
seq5724,0.0,0,0,0
seq5728,72.0,0,0,0
seq5731,56.0,13,5,8
seq5738,120.0,14,12,2
seq5741,68.0,13,6,7
seq5751,50.0,14,5,9
seq5757,99.0,13,9,4
seq5759,62.0,14,6,8
seq5768,29.0,13,2,11
seq5775,71.0,14,7,7
seq5781,6.0,14,1,13
seq5787,2.0,0,0,0
seq5792,116.0,13,11,2
seq5793,87.0,13,8,5
seq5798,115.0,0,0,0
seq5804,109.0,13,10,3
seq5810,9.0,14,1,13
seq5815,114.0,13,11,2
seq5821,87.0,13,8,5
seq5823,129.0,0,0,0
seq5824,61.0,0,0,0
seq5826,131.0,14,13,1
seq5827,120.0,14,12,2
seq5828,90.0,14,9,5
seq5834,18.0,13,1,12
seq5835,35.0,13,3,10
seq5836,65.0,13,6,7
seq5840,42.0,0,0,0
seq5841,65.0,13,6,7
seq5843,39.0,13,3,10
seq5845,1.0,0,0,0
seq5852,62.0,14,6,8
seq5855,54.0,13,5,8
seq5859,117.0,13,11,2
seq5864,24.0,13,2,11
seq5877,119.0,13,11,2
seq5879,105.0,13,10,3
seq5883,57.0,0,0,0
seq5891,114.0,13,11,2
seq5892,18.0,0,0,0
seq5895,62.0,14,6,8
seq5896,117.0,13,11,2
seq5898,135.0,14,13,1
seq5899,0.0,0,0,0
seq5901,134.0,14,13,1
seq5904,78.0,13,7,6
seq5905,40.0,14,4,10
seq5906,59.0,13,5,8
seq5908,34.0,13,3,10
seq5909,104.0,13,10,3
seq5911,21.0,14,2,12
seq5915,141.0,15,14,1
seq5921,137.0,14,13,1
seq5924,52.0,14,5,9
seq5926,114.0,13,11,2
seq5927,44.0,13,4,9
seq5929,133.0,14,13,1
seq5930,56.0,13,5,8
seq5936,95.0,13,9,4
seq5939,70.0,0,0,0
seq5942,140.0,15,14,1
seq5947,76.0,13,7,6
seq5948,113.0,14,11,3
seq5962,71.0,14,7,7
seq5964,102.0,14,10,4
seq5972,104.0,0,0,0
seq5973,128.0,13,12,1
seq5977,133.0,14,13,1
seq5985,95.0,13,9,4
seq5992,84.0,13,8,5
seq5995,84.0,0,0,0
seq6000,99.0,13,9,4
seq6004,121.0,14,12,2
seq6009,128.0,13,12,1
seq6015,32.0,14,3,11
seq6016,107.0,13,10,3
seq6020,92.0,14,9,5
seq6023,17.0,13,1,12
seq6025,50.0,14,5,9
seq6029,29.0,13,2,11
seq6040,85.0,0,0,0
seq6046,111.0,0,0,0
seq6063,33.0,14,3,11
seq6064,117.0,0,0,0
seq6065,40.0,14,4,10
seq6070,66.0,13,6,7
seq6075,90.0,14,9,5
seq6076,16.0,13,1,12
seq6083,132.0,14,13,1
seq6085,40.0,14,4,10
seq6092,51.0,14,5,9
seq6093,57.0,0,0,0
seq6097,118.0,13,11,2
seq6104,21.0,14,2,12
seq6105,25.0,13,2,11
seq6113,106.0,13,10,3
seq6120,120.0,0,0,0
seq6122,50.0,0,0,0
seq6123,67.0,13,6,7
seq6126,127.0,13,12,1
seq6128,48.0,13,4,9
seq6138,77.0,13,7,6
seq6139,56.0,0,0,0
seq6146,131.0,14,13,1
seq6147,69.0,0,0,0
seq6164,41.0,0,0,0
seq6170,143.0,14,14,0
seq6173,99.0,13,9,4
seq6177,103.0,0,0,0
seq6179,118.0,0,0,0
seq6180,54.0,13,5,8
seq6193,63.0,0,0,0
seq6196,77.0,13,7,6
seq6197,59.0,13,5,8
seq6204,35.0,0,0,0
seq6205,23.0,0,0,0
seq6210,81.0,0,0,0
seq6212,39.0,13,3,10
seq6215,100.0,14,10,4
seq6223,29.0,13,2,11
seq6231,143.0,0,0,0
seq6233,31.0,14,3,11
seq6235,53.0,14,5,9
seq6236,25.0,13,2,11
seq6237,52.0,14,5,9
seq6239,111.0,14,11,3
seq6240,27.0,13,2,11
seq6253,86.0,13,8,5
seq6254,38.0,13,3,10
seq6267,96.0,0,0,0
seq6274,44.0,13,4,9
seq6275,89.0,13,8,5
seq6276,69.0,13,6,7
seq6278,21.0,14,2,12
seq6279,125.0,13,12,1
seq6285,43.0,14,4,10
seq6289,71.0,0,0,0
seq6296,83.0,14,8,6
seq6298,132.0,0,0,0
seq6299,95.0,0,0,0
seq6303,123.0,14,12,2
seq6311,81.0,14,8,6
seq6312,78.0,13,7,6
seq6315,133.0,0,0,0
seq6319,120.0,0,0,0
seq6327,103.0,14,10,4
seq6329,93.0,14,9,5
seq6336,87.0,13,8,5
seq6340,136.0,14,13,1
seq6341,53.0,14,5,9
seq6351,28.0,0,0,0
seq6352,96.0,13,9,4
seq6356,126.0,0,0,0
seq6360,138.0,0,0,0
seq6363,113.0,14,11,3
seq6368,54.0,13,5,8
seq6370,115.0,13,11,2
seq6375,47.0,0,0,0
seq6376,133.0,14,13,1
seq6377,100.0,14,10,4
seq6378,106.0,13,10,3
seq6390,23.0,0,0,0
seq6400,26.0,13,2,11
seq6402,22.0,14,2,12
seq6406,7.0,14,1,13
seq6407,109.0,13,10,3
seq6414,52.0,14,5,9
seq6415,56.0,13,5,8
seq6418,70.0,0,0,0
seq6424,120.0,0,0,0
seq6427,78.0,0,0,0
seq6431,14.0,13,1,12
seq6442,28.0,13,2,11
seq6445,41.0,14,4,10
seq6455,92.0,14,9,5
seq6459,125.0,13,12,1
seq6462,17.0,13,1,12
seq6464,131.0,14,13,1
seq6469,43.0,0,0,0
seq6474,117.0,13,11,2
seq6476,57.0,13,5,8
seq6479,58.0,13,5,8
seq6484,54.0,13,5,8
seq6486,11.0,14,1,13
seq6487,105.0,13,10,3
seq6489,42.0,0,0,0
seq6497,43.0,14,4,10
seq6499,89.0,13,8,5
seq6504,13.0,14,1,13
seq6508,123.0,14,12,2
seq6511,134.0,14,13,1
seq6514,128.0,13,12,1
seq6516,116.0,13,11,2
seq6525,85.0,0,0,0
seq6528,136.0,14,13,1
seq6529,30.0,14,3,11
seq6530,111.0,14,11,3
seq6539,122.0,0,0,0
seq6542,69.0,13,6,7
seq6545,136.0,14,13,1
seq6546,76.0,13,7,6
seq6551,117.0,13,11,2
seq6558,29.0,0,0,0
seq6563,106.0,13,10,3
seq6569,55.0,13,5,8
seq6570,81.0,14,8,6
seq6573,22.0,14,2,12
seq6579,19.0,13,1,12
seq6584,116.0,0,0,0
seq6586,12.0,14,1,13
seq6589,76.0,13,7,6
seq6591,113.0,0,0,0
seq6598,66.0,0,0,0
seq6606,1.0,15,1,14
seq6607,105.0,13,10,3
seq6608,11.0,14,1,13
seq6609,42.0,14,4,10
seq6614,36.0,13,3,10
seq6623,106.0,13,10,3
seq6628,121.0,0,0,0
seq6639,102.0,0,0,0
seq6640,24.0,13,2,11
seq6644,121.0,14,12,2
seq6648,4.0,14,1,13
seq6650,50.0,14,5,9
seq6651,73.0,0,0,0
seq6653,128.0,0,0,0
seq6655,50.0,14,5,9
seq6658,140.0,0,0,0
seq6663,85.0,13,8,5
seq6668,66.0,13,6,7
seq6669,122.0,14,12,2
seq6671,16.0,0,0,0
seq6672,81.0,14,8,6
seq6674,30.0,14,3,11
seq6675,53.0,14,5,9
seq6686,137.0,14,13,1
seq6688,41.0,14,4,10
seq6696,7.0,14,1,13
seq6698,76.0,13,7,6
seq6703,37.0,0,0,0
seq6706,83.0,14,8,6
seq6707,45.0,13,4,9
seq6711,58.0,13,5,8
seq6713,116.0,13,11,2
seq6721,9.0,0,0,0
seq6726,88.0,13,8,5
seq6730,129.0,13,12,1
seq6733,66.0,13,6,7
seq6742,135.0,14,13,1
seq6748,133.0,14,13,1
seq6750,50.0,14,5,9
seq6754,132.0,14,13,1
seq6755,41.0,14,4,10
seq6757,94.0,0,0,0
seq6761,13.0,14,1,13
seq6763,96.0,0,0,0
seq6776,38.0,13,3,10
seq6777,49.0,13,4,9
seq6780,123.0,14,12,2
seq6781,73.0,14,7,7
seq6783,69.0,13,6,7
seq6784,35.0,13,3,10
seq6787,85.0,13,8,5
seq6791,111.0,14,11,3
seq6796,29.0,13,2,11
seq6800,26.0,13,2,11
seq6801,40.0,14,4,10
seq6802,15.0,0,0,0
seq6807,73.0,14,7,7
seq6808,67.0,13,6,7
seq6814,78.0,13,7,6
seq6816,92.0,0,0,0
seq6818,88.0,0,0,0
seq6830,137.0,0,0,0
seq6831,137.0,14,13,1
seq6836,88.0,13,8,5
seq6837,107.0,13,10,3
seq6838,44.0,13,4,9
seq6845,15.0,13,1,12
seq6854,6.0,14,1,13
seq6856,72.0,0,0,0
seq6862,111.0,14,11,3
seq6865,30.0,14,3,11
seq6871,68.0,13,6,7
seq6872,143.0,0,0,0
seq6877,96.0,13,9,4
seq6878,61.0,0,0,0
seq6881,84.0,13,8,5
seq6885,47.0,0,0,0
seq6896,43.0,0,0,0
seq6898,19.0,13,1,12
seq6899,47.0,13,4,9
seq6907,95.0,13,9,4
seq6909,103.0,14,10,4
seq6911,23.0,14,2,12
seq6915,44.0,13,4,9
seq6920,102.0,0,0,0
seq6922,111.0,14,11,3
seq6931,8.0,14,1,13
seq6935,21.0,14,2,12
seq6939,133.0,14,13,1
seq6943,25.0,13,2,11
seq6944,13.0,14,1,13
seq6950,131.0,14,13,1
seq6951,11.0,0,0,0
seq6962,141.0,15,14,1
seq6969,39.0,13,3,10
seq6975,31.0,0,0,0
seq6978,69.0,13,6,7
seq6980,142.0,15,14,1
seq6983,141.0,0,0,0
seq6985,139.0,14,13,1
seq6986,14.0,13,1,12
seq6987,42.0,14,4,10
seq6990,29.0,13,2,11
seq7004,8.0,14,1,13
seq7008,61.0,14,6,8
seq7011,36.0,13,3,10
seq7013,140.0,15,14,1
seq7014,116.0,13,11,2
seq7021,35.0,0,0,0
seq7034,130.0,14,13,1
seq7036,57.0,13,5,8
seq7039,124.0,13,12,1
seq7040,110.0,14,11,3
seq7041,129.0,13,12,1
seq7053,94.0,0,0,0
seq7056,105.0,13,10,3
seq7058,83.0,14,8,6
seq7067,87.0,13,8,5
seq7069,3.0,0,0,0
seq7070,107.0,13,10,3
seq7071,78.0,13,7,6
seq7077,97.0,0,0,0
seq7079,59.0,0,0,0
seq7082,97.0,13,9,4
seq7083,46.0,0,0,0
seq7084,32.0,0,0,0
seq7085,73.0,0,0,0
seq7087,57.0,0,0,0
seq7088,44.0,13,4,9
seq7090,96.0,13,9,4
seq7093,67.0,13,6,7
seq7095,76.0,0,0,0
seq7098,30.0,14,3,11
seq7100,47.0,0,0,0
seq7101,96.0,13,9,4
seq7103,14.0,13,1,12
seq7104,86.0,13,8,5
seq7107,129.0,0,0,0
seq7108,6.0,14,1,13
seq7109,65.0,13,6,7
seq7110,15.0,13,1,12
seq7112,16.0,0,0,0
seq7115,92.0,14,9,5
seq7116,19.0,13,1,12
seq7120,132.0,14,13,1
seq7127,86.0,13,8,5
seq7128,129.0,0,0,0
seq7130,116.0,13,11,2
seq7133,18.0,13,1,12
seq7141,14.0,0,0,0
seq7142,92.0,14,9,5
seq7147,59.0,13,5,8
seq7148,66.0,13,6,7
seq7149,0.0,14,0,14
seq7152,10.0,0,0,0
seq7153,64.0,13,6,7
seq7162,38.0,13,3,10
seq7167,0.0,0,0,0
seq7171,84.0,13,8,5
seq7172,71.0,14,7,7
seq7173,76.0,13,7,6
seq7176,100.0,0,0,0
seq7180,80.0,14,8,6
seq7181,26.0,13,2,11
seq7188,112.0,14,11,3
seq7189,29.0,13,2,11
seq7199,71.0,14,7,7
seq7201,74.0,13,7,6
seq7203,25.0,0,0,0
seq7207,48.0,13,4,9
seq7208,82.0,14,8,6
seq7209,110.0,14,11,3
seq7216,122.0,14,12,2
seq7219,71.0,14,7,7
seq7226,134.0,14,13,1
seq7228,26.0,0,0,0
seq7232,49.0,13,4,9
seq7234,38.0,13,3,10
seq7238,71.0,0,0,0
seq7240,99.0,13,9,4
seq7244,132.0,14,13,1
seq7245,79.0,13,7,6
seq7247,80.0,0,0,0
seq7249,2.0,15,1,14
seq7250,42.0,14,4,10
seq7255,65.0,13,6,7
seq7257,39.0,13,3,10
seq7261,136.0,0,0,0
seq7266,42.0,0,0,0
seq7267,16.0,13,1,12
seq7273,37.0,13,3,10
seq7274,36.0,0,0,0
seq7276,132.0,14,13,1
seq7280,83.0,14,8,6
seq7283,96.0,13,9,4
seq7291,14.0,13,1,12
seq7294,17.0,13,1,12
seq7297,67.0,0,0,0
seq7303,85.0,13,8,5
seq7307,139.0,14,13,1
seq7309,107.0,0,0,0
seq7314,85.0,13,8,5
seq7316,31.0,14,3,11
seq7324,118.0,13,11,2
seq7326,99.0,13,9,4
seq7329,54.0,13,5,8
seq7337,55.0,0,0,0
seq7342,21.0,0,0,0
seq7347,86.0,13,8,5
seq7356,83.0,0,0,0
seq7362,14.0,13,1,12
seq7366,129.0,13,12,1
seq7367,74.0,13,7,6
seq7368,133.0,14,13,1
seq7370,129.0,13,12,1
seq7376,20.0,14,2,12
seq7377,63.0,14,6,8
seq7379,80.0,14,8,6
seq7382,126.0,0,0,0
seq7392,72.0,14,7,7
seq7396,10.0,14,1,13
seq7400,107.0,0,0,0
seq7401,139.0,0,0,0
seq7406,100.0,14,10,4
seq7410,91.0,14,9,5
seq7413,87.0,13,8,5
seq7419,9.0,14,1,13
seq7423,64.0,13,6,7
seq7435,8.0,14,1,13
seq7438,61.0,0,0,0
seq7445,143.0,14,14,0
seq7448,137.0,0,0,0
seq7449,34.0,0,0,0
seq7451,58.0,13,5,8
seq7462,7.0,14,1,13
seq7465,63.0,14,6,8
seq7469,51.0,14,5,9
seq7474,32.0,0,0,0
seq7491,29.0,13,2,11
seq7495,115.0,0,0,0
seq7501,109.0,13,10,3
seq7503,113.0,14,11,3
seq7505,16.0,13,1,12
seq7509,16.0,0,0,0
seq7514,137.0,14,13,1
seq7517,86.0,13,8,5
seq7523,70.0,14,7,7
seq7524,15.0,13,1,12
seq7528,107.0,13,10,3
seq7532,0.0,14,0,14
seq7535,1.0,15,1,14
seq7541,43.0,14,4,10
seq7548,65.0,13,6,7
seq7549,60.0,14,6,8
seq7550,58.0,13,5,8
seq7559,137.0,14,13,1
seq7563,8.0,14,1,13
seq7564,101.0,14,10,4
seq7566,32.0,14,3,11
seq7568,139.0,0,0,0
seq7577,129.0,13,12,1
seq7582,80.0,14,8,6
seq7585,97.0,13,9,4
seq7586,37.0,13,3,10
seq7598,134.0,14,13,1
seq7603,109.0,13,10,3
seq7606,130.0,0,0,0
seq7611,76.0,13,7,6
seq7618,142.0,15,14,1
seq7624,118.0,0,0,0
seq7628,85.0,13,8,5
seq7630,54.0,13,5,8
seq7636,138.0,0,0,0
seq7637,20.0,14,2,12
seq7640,75.0,13,7,6
seq7641,25.0,13,2,11
seq7642,135.0,14,13,1
seq7643,118.0,13,11,2
seq7648,45.0,13,4,9
seq7658,38.0,13,3,10
seq7661,84.0,13,8,5
seq7664,135.0,14,13,1
seq7677,119.0,13,11,2
seq7680,77.0,13,7,6
seq7682,51.0,14,5,9
seq7689,57.0,13,5,8
seq7694,118.0,13,11,2
seq7696,73.0,14,7,7
seq7698,142.0,15,14,1
seq7701,63.0,14,6,8
seq7707,129.0,13,12,1
seq7716,116.0,13,11,2
seq7734,57.0,0,0,0
seq7742,27.0,13,2,11
seq7747,99.0,13,9,4
seq7748,120.0,0,0,0
seq7749,15.0,13,1,12
seq7756,76.0,13,7,6
seq7757,141.0,15,14,1
seq7760,93.0,14,9,5
seq7764,29.0,13,2,11
seq7765,12.0,0,0,0
seq7773,98.0,13,9,4
seq7774,91.0,14,9,5
seq7776,45.0,13,4,9
seq7779,65.0,13,6,7
seq7781,36.0,13,3,10
seq7782,12.0,14,1,13
seq7787,34.0,13,3,10
seq7788,37.0,13,3,10
seq7789,112.0,14,11,3
seq7791,16.0,13,1,12
seq7792,141.0,15,14,1
seq7798,70.0,0,0,0
seq7803,33.0,0,0,0
seq7804,1.0,15,1,14
seq7805,140.0,0,0,0
seq7810,113.0,14,11,3
seq7813,101.0,14,10,4
seq7815,20.0,14,2,12
seq7819,92.0,14,9,5
seq7821,77.0,0,0,0
seq7823,100.0,14,10,4
seq7827,28.0,13,2,11
seq7829,15.0,13,1,12
seq7834,1.0,15,1,14
seq7839,46.0,13,4,9
seq7841,78.0,0,0,0
seq7843,137.0,14,13,1
seq7844,104.0,13,10,3
seq7848,122.0,0,0,0
seq7854,44.0,0,0,0
seq7858,91.0,14,9,5
seq7859,121.0,0,0,0
seq7866,17.0,13,1,12
seq7868,100.0,0,0,0
seq7871,129.0,13,12,1
seq7875,47.0,13,4,9
seq7878,83.0,14,8,6
seq7880,51.0,0,0,0
seq7883,73.0,14,7,7
seq7885,102.0,14,10,4
seq7891,50.0,14,5,9
seq7897,80.0,14,8,6
seq7899,78.0,0,0,0
seq7910,31.0,14,3,11
seq7916,124.0,13,12,1
seq7917,89.0,13,8,5
seq7921,94.0,0,0,0
seq7925,126.0,13,12,1
seq7926,102.0,0,0,0
seq7932,102.0,14,10,4
seq7936,30.0,14,3,11
seq7943,48.0,13,4,9
seq7944,47.0,13,4,9
seq7948,35.0,13,3,10
seq7952,118.0,13,11,2
seq7964,74.0,0,0,0
seq7968,38.0,13,3,10
seq7969,6.0,14,1,13
seq7970,82.0,14,8,6
seq7971,92.0,14,9,5
seq7973,37.0,13,3,10
seq7974,49.0,13,4,9
seq7976,141.0,15,14,1
seq7977,97.0,13,9,4
seq7980,76.0,0,0,0
seq7983,68.0,13,6,7
seq7985,57.0,13,5,8
seq7991,81.0,14,8,6
seq7997,135.0,14,13,1
seq8000,49.0,13,4,9
seq8002,4.0,14,1,13
seq8003,104.0,0,0,0
seq8005,105.0,0,0,0
seq8006,12.0,0,0,0
seq8007,99.0,13,9,4
seq8008,55.0,13,5,8
seq8014,29.0,13,2,11
seq8020,132.0,14,13,1
seq8022,91.0,14,9,5
seq8037,43.0,14,4,10
seq8041,74.0,13,7,6
seq8042,35.0,13,3,10
seq8043,69.0,13,6,7
seq8044,38.0,13,3,10
seq8047,99.0,13,9,4
seq8050,12.0,14,1,13
seq8053,140.0,15,14,1
seq8073,41.0,14,4,10
seq8079,23.0,14,2,12
seq8081,59.0,13,5,8
seq8084,24.0,13,2,11
seq8092,109.0,13,10,3
seq8094,126.0,0,0,0
seq8104,8.0,14,1,13
seq8106,26.0,13,2,11
seq8110,8.0,0,0,0
seq8111,64.0,0,0,0
seq8112,77.0,13,7,6
seq8126,136.0,0,0,0
seq8130,88.0,0,0,0
seq8136,34.0,13,3,10
seq8137,111.0,14,11,3
seq8138,97.0,13,9,4
seq8140,33.0,14,3,11
seq8141,85.0,13,8,5
seq8145,55.0,13,5,8
seq8153,117.0,0,0,0
seq8163,51.0,14,5,9
seq8171,75.0,0,0,0
seq8172,77.0,13,7,6
seq8179,83.0,0,0,0
seq8181,67.0,0,0,0
seq8186,143.0,14,14,0
seq8192,0.0,14,0,14
seq8199,112.0,14,11,3
seq8202,126.0,0,0,0
seq8206,37.0,13,3,10
seq8210,42.0,14,4,10
seq8215,62.0,14,6,8
seq8217,97.0,13,9,4
seq8228,13.0,14,1,13
seq8231,52.0,14,5,9
seq8240,113.0,14,11,3
seq8242,23.0,0,0,0
seq8244,26.0,13,2,11
seq8247,31.0,14,3,11
seq8249,44.0,13,4,9
seq8250,42.0,14,4,10
seq8257,16.0,13,1,12
seq8258,114.0,13,11,2
seq8261,101.0,14,10,4
seq8262,56.0,13,5,8
seq8267,81.0,14,8,6
seq8272,96.0,13,9,4
seq8282,17.0,0,0,0
seq8285,134.0,14,13,1
seq8287,4.0,0,0,0
seq8291,125.0,13,12,1
seq8299,35.0,13,3,10
seq8303,106.0,13,10,3
seq8308,66.0,0,0,0
seq8311,98.0,0,0,0
seq8319,85.0,13,8,5
seq8321,135.0,0,0,0
seq8324,76.0,0,0,0
seq8329,91.0,14,9,5
seq8334,120.0,14,12,2
seq8339,56.0,13,5,8
seq8343,110.0,14,11,3
seq8351,134.0,14,13,1
seq8356,100.0,14,10,4
seq8361,135.0,14,13,1
seq8362,21.0,14,2,12
seq8364,17.0,13,1,12
seq8366,14.0,13,1,12
seq8367,12.0,0,0,0
seq8368,140.0,0,0,0
seq8370,10.0,14,1,13
seq8371,55.0,13,5,8
seq8374,102.0,14,10,4
seq8380,70.0,0,0,0
seq8385,30.0,14,3,11
seq8386,143.0,14,14,0
seq8389,117.0,0,0,0
seq8397,59.0,13,5,8
seq8401,89.0,13,8,5
seq8404,115.0,13,11,2
seq8405,9.0,14,1,13
seq8406,102.0,14,10,4
seq8408,126.0,13,12,1
seq8411,100.0,14,10,4
seq8413,60.0,14,6,8
seq8417,133.0,14,13,1
seq8418,133.0,14,13,1
seq8419,128.0,0,0,0
seq8420,98.0,13,9,4
seq8421,91.0,14,9,5
seq8424,86.0,13,8,5
seq8429,63.0,14,6,8
seq8433,41.0,14,4,10
seq8434,112.0,14,11,3
seq8439,47.0,13,4,9
seq8443,133.0,14,13,1
seq8444,108.0,0,0,0
seq8445,125.0,0,0,0
seq8454,93.0,14,9,5
seq8462,112.0,14,11,3
seq8465,7.0,14,1,13
seq8466,106.0,13,10,3
seq8467,79.0,13,7,6
seq8472,10.0,14,1,13
seq8476,89.0,13,8,5
seq8481,31.0,14,3,11
seq8490,41.0,0,0,0
seq8492,62.0,14,6,8
seq8494,135.0,0,0,0
seq8495,54.0,0,0,0
seq8503,102.0,14,10,4
seq8511,57.0,0,0,0
seq8516,66.0,13,6,7
seq8517,108.0,13,10,3
seq8518,77.0,13,7,6
seq8522,113.0,14,11,3
seq8524,48.0,13,4,9
seq8525,115.0,13,11,2
seq8527,6.0,0,0,0
seq8529,95.0,13,9,4
seq8530,88.0,0,0,0
seq8536,63.0,14,6,8
seq8539,80.0,14,8,6
seq8542,138.0,14,13,1
seq8550,4.0,0,0,0
seq8554,88.0,13,8,5
seq8555,23.0,0,0,0
seq8556,28.0,13,2,11
seq8557,97.0,13,9,4
seq8558,38.0,0,0,0
seq8559,129.0,13,12,1
seq8566,57.0,13,5,8
seq8568,15.0,0,0,0
seq8575,101.0,14,10,4
seq8576,124.0,13,12,1
seq8579,1.0,0,0,0
seq8588,128.0,13,12,1
seq8608,48.0,13,4,9
seq8610,37.0,13,3,10
seq8611,141.0,15,14,1
seq8613,99.0,13,9,4
seq8623,74.0,0,0,0
seq8627,102.0,14,10,4
seq8629,135.0,14,13,1
seq8631,77.0,13,7,6
seq8634,14.0,13,1,12
seq8636,14.0,13,1,12
seq8638,16.0,0,0,0
seq8641,74.0,0,0,0
seq8643,101.0,14,10,4
seq8644,102.0,14,10,4
seq8647,40.0,14,4,10
seq8661,70.0,14,7,7
seq8664,120.0,14,12,2
seq8666,19.0,13,1,12
seq8668,39.0,13,3,10
seq8682,141.0,15,14,1
seq8693,31.0,0,0,0
seq8694,131.0,14,13,1
seq8701,92.0,0,0,0
seq8706,14.0,13,1,12
seq8708,14.0,13,1,12
seq8711,19.0,13,1,12
seq8716,123.0,0,0,0
seq8718,35.0,13,3,10
seq8722,126.0,13,12,1
seq8729,14.0,13,1,12
seq8736,42.0,14,4,10
seq8750,83.0,14,8,6
seq8751,99.0,13,9,4
seq8755,110.0,0,0,0
seq8756,6.0,14,1,13
seq8759,110.0,14,11,3
seq8762,79.0,13,7,6
seq8764,110.0,0,0,0
seq8773,35.0,13,3,10
seq8777,121.0,14,12,2
seq8780,86.0,13,8,5
seq8783,19.0,13,1,12
seq8785,70.0,0,0,0
seq8787,81.0,14,8,6
seq8790,64.0,13,6,7
seq8791,80.0,14,8,6
seq8794,101.0,14,10,4
seq8795,132.0,0,0,0
seq8799,69.0,0,0,0
seq8800,49.0,13,4,9
seq8801,65.0,13,6,7
seq8805,78.0,13,7,6
seq8812,66.0,13,6,7
seq8814,38.0,0,0,0
seq8825,59.0,13,5,8
seq8829,99.0,0,0,0
seq8832,117.0,13,11,2
seq8838,8.0,14,1,13
seq8839,59.0,13,5,8
seq8840,53.0,14,5,9
seq8846,15.0,13,1,12
seq8850,10.0,14,1,13
seq8856,42.0,14,4,10
seq8868,122.0,14,12,2
seq8870,23.0,0,0,0
seq8873,63.0,14,6,8
seq8876,132.0,14,13,1
seq8878,88.0,13,8,5
seq8882,132.0,14,13,1
seq8886,85.0,13,8,5
seq8888,54.0,13,5,8
seq8895,92.0,14,9,5
seq8902,113.0,0,0,0
seq8907,72.0,14,7,7
seq8912,129.0,13,12,1
seq8915,117.0,13,11,2
seq8917,137.0,14,13,1
seq8924,110.0,0,0,0
seq8926,83.0,14,8,6
seq8930,117.0,13,11,2
seq8931,84.0,13,8,5
seq8933,88.0,13,8,5
seq8938,134.0,0,0,0
seq8939,114.0,13,11,2
seq8940,115.0,13,11,2
seq8950,80.0,14,8,6
seq8956,30.0,14,3,11
seq8961,46.0,0,0,0
seq8963,23.0,14,2,12
seq8965,61.0,0,0,0
seq8968,137.0,0,0,0
seq8970,43.0,14,4,10
seq8972,57.0,13,5,8
seq8978,81.0,14,8,6
seq8983,138.0,14,13,1
seq8992,25.0,13,2,11
seq8997,1.0,0,0,0
seq8998,137.0,14,13,1
seq9002,50.0,14,5,9
seq9008,37.0,0,0,0
seq9010,120.0,0,0,0
seq9012,50.0,14,5,9
seq9016,19.0,13,1,12
seq9017,68.0,13,6,7
seq9018,84.0,0,0,0
seq9027,97.0,0,0,0
seq9030,120.0,14,12,2
seq9040,109.0,13,10,3
seq9057,2.0,15,1,14
seq9061,110.0,14,11,3
seq9064,114.0,13,11,2
seq9066,73.0,14,7,7
seq9068,78.0,13,7,6
seq9070,10.0,0,0,0
seq9073,45.0,0,0,0
seq9076,20.0,0,0,0
seq9077,41.0,14,4,10
seq9079,114.0,0,0,0
seq9089,20.0,0,0,0
seq9092,5.0,14,1,13
seq9095,109.0,0,0,0
seq9096,106.0,0,0,0
seq9099,84.0,13,8,5
seq9100,28.0,13,2,11
seq9102,10.0,0,0,0
seq9104,116.0,13,11,2
seq9107,40.0,0,0,0
seq9113,112.0,14,11,3
seq9119,29.0,13,2,11
seq9120,27.0,0,0,0
seq9122,98.0,13,9,4
seq9126,15.0,0,0,0
seq9131,58.0,0,0,0
seq9135,114.0,13,11,2
seq9141,67.0,0,0,0
seq9143,61.0,14,6,8
seq9144,14.0,13,1,12
seq9151,61.0,0,0,0
seq9152,79.0,13,7,6
seq9155,75.0,13,7,6
seq9169,116.0,0,0,0
seq9177,29.0,13,2,11
seq9179,104.0,13,10,3
seq9181,84.0,13,8,5
seq9182,6.0,14,1,13
seq9187,27.0,13,2,11
seq9191,36.0,13,3,10
seq9194,122.0,14,12,2
seq9201,138.0,14,13,1
seq9205,49.0,13,4,9
seq9207,129.0,13,12,1
seq9210,110.0,14,11,3
seq9211,76.0,13,7,6
seq9212,6.0,14,1,13
seq9215,69.0,13,6,7
seq9218,104.0,0,0,0
seq9225,110.0,14,11,3
seq9226,136.0,14,13,1
seq9237,36.0,13,3,10
seq9239,44.0,0,0,0
seq9240,19.0,13,1,12
seq9241,70.0,14,7,7
seq9248,120.0,0,0,0
seq9249,30.0,14,3,11
seq9250,109.0,13,10,3
seq9251,78.0,13,7,6
seq9254,63.0,14,6,8
seq9260,29.0,0,0,0
seq9263,62.0,0,0,0
seq9265,132.0,0,0,0
seq9266,74.0,0,0,0
seq9267,60.0,14,6,8
seq9269,142.0,15,14,1
seq9273,4.0,14,1,13
seq9275,76.0,13,7,6
seq9278,45.0,13,4,9
seq9288,10.0,14,1,13
seq9292,27.0,13,2,11
seq9295,87.0,13,8,5
seq9299,92.0,0,0,0
seq9300,44.0,0,0,0
seq9301,38.0,13,3,10
seq9302,131.0,14,13,1
seq9303,10.0,14,1,13
seq9304,98.0,13,9,4
seq9305,61.0,14,6,8
seq9315,123.0,14,12,2
seq9316,104.0,0,0,0
seq9323,101.0,14,10,4
seq9325,17.0,13,1,12
seq9326,8.0,14,1,13
seq9328,63.0,14,6,8
seq9330,126.0,13,12,1
seq9332,54.0,13,5,8
seq9333,116.0,13,11,2
seq9334,12.0,14,1,13
seq9336,46.0,13,4,9
seq9337,86.0,13,8,5
seq9340,112.0,14,11,3
seq9343,47.0,13,4,9
seq9345,66.0,13,6,7
seq9347,33.0,14,3,11
seq9350,143.0,14,14,0
seq9353,34.0,13,3,10
seq9355,46.0,0,0,0
seq9362,11.0,14,1,13
seq9363,89.0,13,8,5
seq9367,97.0,13,9,4
seq9369,72.0,14,7,7
seq9370,73.0,14,7,7
seq9372,13.0,0,0,0
seq9382,123.0,14,12,2
seq9384,111.0,14,11,3
seq9391,141.0,15,14,1
seq9393,18.0,0,0,0
seq9395,84.0,0,0,0
seq9399,109.0,13,10,3
seq9403,128.0,13,12,1
seq9405,25.0,0,0,0
seq9411,19.0,0,0,0
seq9415,116.0,13,11,2
seq9417,142.0,15,14,1
seq9421,33.0,14,3,11
seq9423,21.0,14,2,12
seq9425,76.0,13,7,6
seq9429,31.0,0,0,0
seq9433,141.0,15,14,1
seq9440,43.0,14,4,10
seq9447,125.0,0,0,0
seq9452,72.0,0,0,0
seq9457,31.0,14,3,11
seq9459,64.0,13,6,7
seq9461,116.0,13,11,2
seq9462,1.0,15,1,14
seq9469,14.0,0,0,0
seq9474,82.0,14,8,6
seq9476,119.0,13,11,2
seq9477,6.0,14,1,13
seq9482,88.0,13,8,5
seq9486,20.0,14,2,12
seq9494,98.0,13,9,4
seq9495,44.0,13,4,9
seq9501,122.0,14,12,2
seq9503,31.0,14,3,11
seq9508,10.0,0,0,0
seq9511,126.0,13,12,1
seq9512,141.0,15,14,1
seq9524,93.0,14,9,5
seq9525,37.0,13,3,10
seq9538,82.0,14,8,6
seq9541,42.0,14,4,10
seq9545,3.0,15,1,14
seq9546,36.0,13,3,10
seq9549,108.0,0,0,0
seq9551,134.0,14,13,1
seq9552,84.0,13,8,5
seq9555,9.0,14,1,13
seq9557,2.0,0,0,0
seq9558,0.0,14,0,14
seq9559,37.0,13,3,10
seq9563,15.0,0,0,0
seq9565,70.0,14,7,7
seq9568,12.0,14,1,13
seq9571,31.0,14,3,11
seq9575,75.0,13,7,6
seq9577,41.0,0,0,0
seq9578,29.0,0,0,0
seq9589,109.0,0,0,0
seq9605,122.0,14,12,2
seq9612,18.0,13,1,12
seq9614,101.0,0,0,0
seq9615,24.0,13,2,11
seq9618,29.0,13,2,11
seq9619,105.0,0,0,0
seq9621,91.0,0,0,0
seq9623,142.0,15,14,1
seq9626,114.0,0,0,0
seq9628,57.0,0,0,0
seq9629,99.0,13,9,4
seq9632,67.0,13,6,7
seq9639,140.0,15,14,1
seq9644,79.0,13,7,6
seq9645,45.0,13,4,9
seq9650,2.0,15,1,14
seq9658,43.0,14,4,10
seq9660,81.0,14,8,6
seq9662,136.0,0,0,0
seq9663,89.0,13,8,5
seq9664,15.0,13,1,12
seq9665,62.0,14,6,8
seq9668,43.0,0,0,0
seq9676,142.0,15,14,1
seq9680,107.0,0,0,0
seq9683,29.0,13,2,11
seq9694,89.0,13,8,5
seq9695,22.0,14,2,12
seq9698,114.0,0,0,0
seq9699,36.0,13,3,10
seq9703,64.0,13,6,7
seq9711,140.0,0,0,0
seq9717,134.0,0,0,0
seq9728,42.0,14,4,10
seq9731,22.0,14,2,12
seq9739,46.0,0,0,0
seq9741,68.0,13,6,7
seq9742,87.0,13,8,5
seq9746,19.0,13,1,12
seq9751,30.0,14,3,11
seq9752,84.0,13,8,5
seq9762,104.0,0,0,0
seq9767,1.0,15,1,14
seq9768,25.0,0,0,0
seq9770,26.0,13,2,11
seq9771,62.0,14,6,8
seq9773,72.0,14,7,7
seq9779,101.0,14,10,4
seq9781,92.0,0,0,0
seq9783,59.0,13,5,8
seq9790,28.0,13,2,11
seq9793,126.0,13,12,1
seq9796,109.0,13,10,3
seq9805,61.0,14,6,8
seq9808,83.0,14,8,6
seq9814,123.0,14,12,2
seq9815,2.0,15,1,14
seq9817,30.0,14,3,11
seq9818,28.0,13,2,11
seq9819,138.0,14,13,1
seq9822,4.0,14,1,13
seq9826,35.0,13,3,10
seq9835,81.0,0,0,0
seq9838,38.0,13,3,10
seq9848,6.0,14,1,13
seq9851,44.0,0,0,0
seq9853,36.0,13,3,10
seq9855,53.0,14,5,9
seq9858,104.0,13,10,3
seq9864,123.0,14,12,2
seq9866,55.0,0,0,0
seq9869,45.0,0,0,0
seq9870,65.0,0,0,0
seq9875,85.0,13,8,5
seq9877,101.0,0,0,0
seq9879,99.0,0,0,0
seq9882,25.0,13,2,11
seq9885,2.0,0,0,0
seq9887,99.0,13,9,4
seq9894,127.0,13,12,1
seq9898,127.0,0,0,0
seq9904,68.0,13,6,7
seq9908,41.0,14,4,10
seq9910,100.0,14,10,4
seq9914,99.0,13,9,4
seq9915,7.0,14,1,13
seq9916,116.0,13,11,2
seq9918,84.0,13,8,5
seq9919,35.0,13,3,10
seq9925,75.0,13,7,6
seq9930,109.0,13,10,3
seq9932,12.0,14,1,13
seq9935,78.0,0,0,0
seq9938,34.0,13,3,10
seq9940,125.0,13,12,1
seq9965,113.0,14,11,3
seq9966,87.0,13,8,5
seq9967,13.0,0,0,0
seq9969,21.0,0,0,0
seq9986,21.0,14,2,12
seq9990,105.0,13,10,3
seq9991,108.0,13,10,3
seq9992,139.0,14,13,1
seq9994,51.0,14,5,9
seq9997,36.0,13,3,10
